,filename,fold,target,category,esc10,src_file,take
0,1-100032-A-0.wav,1.0,0.0,dog,True,100032.0,A
1,1-100038-A-14.wav,1.0,14.0,chirping_birds,False,100038.0,A
2,1-100210-A-36.wav,1.0,36.0,vacuum_cleaner,False,100210.0,A
3,1-100210-B-36.wav,1.0,36.0,vacuum_cleaner,False,100210.0,B
4,1-101296-A-19.wav,1.0,19.0,thunderstorm,False,101296.0,A
5,1-101296-B-19.wav,1.0,19.0,thunderstorm,False,101296.0,B
6,1-101336-A-30.wav,1.0,30.0,door_wood_knock,False,101336.0,A
7,1-101404-A-34.wav,1.0,34.0,can_opening,False,101404.0,A
8,1-103298-A-9.wav,1.0,9.0,crow,False,103298.0,A
9,1-103995-A-30.wav,1.0,30.0,door_wood_knock,False,103995.0,A
10,1-103999-A-30.wav,1.0,30.0,door_wood_knock,False,103999.0,A
11,1-104089-A-22.wav,1.0,22.0,clapping,False,104089.0,A
12,1-104089-B-22.wav,1.0,22.0,clapping,False,104089.0,B
13,1-105224-A-22.wav,1.0,22.0,clapping,False,105224.0,A
14,1-110389-A-0.wav,1.0,0.0,dog,True,110389.0,A
15,1-110537-A-22.wav,1.0,22.0,clapping,False,110537.0,A
16,1-115521-A-19.wav,1.0,19.0,thunderstorm,False,115521.0,A
17,1-115545-A-48.wav,1.0,48.0,fireworks,False,115545.0,A
18,1-115545-B-48.wav,1.0,48.0,fireworks,False,115545.0,B
19,1-115545-C-48.wav,1.0,48.0,fireworks,False,115545.0,C
20,1-115546-A-48.wav,1.0,48.0,fireworks,False,115546.0,A
21,1-115920-A-22.wav,1.0,22.0,clapping,False,115920.0,A
22,1-115920-B-22.wav,1.0,22.0,clapping,False,115920.0,B
23,1-115921-A-22.wav,1.0,22.0,clapping,False,115921.0,A
24,1-116765-A-41.wav,1.0,41.0,chainsaw,True,116765.0,A
25,1-11687-A-47.wav,1.0,47.0,airplane,False,11687.0,A
26,1-118206-A-31.wav,1.0,31.0,mouse_click,False,118206.0,A
27,1-118559-A-17.wav,1.0,17.0,pouring_water,False,118559.0,A
28,1-119125-A-45.wav,1.0,45.0,train,False,119125.0,A
29,1-121951-A-8.wav,1.0,8.0,sheep,False,121951.0,A
30,1-12653-A-15.wav,1.0,15.0,water_drops,False,12653.0,A
31,1-12654-A-15.wav,1.0,15.0,water_drops,False,12654.0,A
32,1-12654-B-15.wav,1.0,15.0,water_drops,False,12654.0,B
33,1-13571-A-46.wav,1.0,46.0,church_bells,False,13571.0,A
34,1-13572-A-46.wav,1.0,46.0,church_bells,False,13572.0,A
35,1-13613-A-37.wav,1.0,37.0,clock_alarm,False,13613.0,A
36,1-137-A-32.wav,1.0,32.0,keyboard_typing,False,137.0,A
37,1-137296-A-16.wav,1.0,16.0,wind,False,137296.0,A
38,1-14262-A-37.wav,1.0,37.0,clock_alarm,False,14262.0,A
39,1-155858-A-25.wav,1.0,25.0,footsteps,False,155858.0,A
40,1-155858-B-25.wav,1.0,25.0,footsteps,False,155858.0,B
41,1-155858-C-25.wav,1.0,25.0,footsteps,False,155858.0,C
42,1-155858-D-25.wav,1.0,25.0,footsteps,False,155858.0,D
43,1-155858-E-25.wav,1.0,25.0,footsteps,False,155858.0,E
44,1-155858-F-25.wav,1.0,25.0,footsteps,False,155858.0,F
45,1-15689-A-4.wav,1.0,4.0,frog,False,15689.0,A
46,1-15689-B-4.wav,1.0,4.0,frog,False,15689.0,B
47,1-160563-A-48.wav,1.0,48.0,fireworks,False,160563.0,A
48,1-160563-B-48.wav,1.0,48.0,fireworks,False,160563.0,B
49,1-16568-A-3.wav,1.0,3.0,cow,False,16568.0,A
50,1-16746-A-15.wav,1.0,15.0,water_drops,False,16746.0,A
51,1-17092-A-27.wav,1.0,27.0,brushing_teeth,False,17092.0,A
52,1-17092-B-27.wav,1.0,27.0,brushing_teeth,False,17092.0,B
53,1-17124-A-43.wav,1.0,43.0,car_horn,False,17124.0,A
54,1-17150-A-12.wav,1.0,12.0,crackling_fire,True,17150.0,A
55,1-172649-A-40.wav,1.0,40.0,helicopter,True,172649.0,A
56,1-172649-B-40.wav,1.0,40.0,helicopter,True,172649.0,B
57,1-172649-C-40.wav,1.0,40.0,helicopter,True,172649.0,C
58,1-172649-D-40.wav,1.0,40.0,helicopter,True,172649.0,D
59,1-172649-E-40.wav,1.0,40.0,helicopter,True,172649.0,E
60,1-172649-F-40.wav,1.0,40.0,helicopter,True,172649.0,F
61,1-17295-A-29.wav,1.0,29.0,drinking_sipping,False,17295.0,A
62,1-17367-A-10.wav,1.0,10.0,rain,True,17367.0,A
63,1-17565-A-12.wav,1.0,12.0,crackling_fire,True,17565.0,A
64,1-17585-A-7.wav,1.0,7.0,insects,False,17585.0,A
65,1-17742-A-12.wav,1.0,12.0,crackling_fire,True,17742.0,A
66,1-17808-A-12.wav,1.0,12.0,crackling_fire,True,17808.0,A
67,1-17808-B-12.wav,1.0,12.0,crackling_fire,True,17808.0,B
68,1-1791-A-26.wav,1.0,26.0,laughing,False,1791.0,A
69,1-17970-A-4.wav,1.0,4.0,frog,False,17970.0,A
70,1-18074-A-6.wav,1.0,6.0,hen,False,18074.0,A
71,1-18074-B-6.wav,1.0,6.0,hen,False,18074.0,B
72,1-181071-A-40.wav,1.0,40.0,helicopter,True,181071.0,A
73,1-181071-B-40.wav,1.0,40.0,helicopter,True,181071.0,B
74,1-18527-A-44.wav,1.0,44.0,engine,False,18527.0,A
75,1-18527-B-44.wav,1.0,44.0,engine,False,18527.0,B
76,1-18631-A-23.wav,1.0,23.0,breathing,False,18631.0,A
77,1-18655-A-31.wav,1.0,31.0,mouse_click,False,18655.0,A
78,1-187207-A-20.wav,1.0,20.0,crying_baby,True,187207.0,A
79,1-18755-A-4.wav,1.0,4.0,frog,False,18755.0,A
80,1-18755-B-4.wav,1.0,4.0,frog,False,18755.0,B
81,1-18757-A-4.wav,1.0,4.0,frog,False,18757.0,A
82,1-18810-A-49.wav,1.0,49.0,hand_saw,False,18810.0,A
83,1-19026-A-43.wav,1.0,43.0,car_horn,False,19026.0,A
84,1-19111-A-24.wav,1.0,24.0,coughing,False,19111.0,A
85,1-19118-A-24.wav,1.0,24.0,coughing,False,19118.0,A
86,1-19501-A-7.wav,1.0,7.0,insects,False,19501.0,A
87,1-196660-A-8.wav,1.0,8.0,sheep,False,196660.0,A
88,1-196660-B-8.wav,1.0,8.0,sheep,False,196660.0,B
89,1-19840-A-36.wav,1.0,36.0,vacuum_cleaner,False,19840.0,A
90,1-19872-A-36.wav,1.0,36.0,vacuum_cleaner,False,19872.0,A
91,1-19872-B-36.wav,1.0,36.0,vacuum_cleaner,False,19872.0,B
92,1-19898-A-41.wav,1.0,41.0,chainsaw,True,19898.0,A
93,1-19898-B-41.wav,1.0,41.0,chainsaw,True,19898.0,B
94,1-19898-C-41.wav,1.0,41.0,chainsaw,True,19898.0,C
95,1-20133-A-39.wav,1.0,39.0,glass_breaking,False,20133.0,A
96,1-202111-A-3.wav,1.0,3.0,cow,False,202111.0,A
97,1-20545-A-28.wav,1.0,28.0,snoring,False,20545.0,A
98,1-20736-A-18.wav,1.0,18.0,toilet_flush,False,20736.0,A
99,1-208757-A-2.wav,1.0,2.0,pig,False,208757.0,A
100,1-208757-B-2.wav,1.0,2.0,pig,False,208757.0,B
101,1-208757-C-2.wav,1.0,2.0,pig,False,208757.0,C
102,1-208757-D-2.wav,1.0,2.0,pig,False,208757.0,D
103,1-208757-E-2.wav,1.0,2.0,pig,False,208757.0,E
104,1-211527-A-20.wav,1.0,20.0,crying_baby,True,211527.0,A
105,1-211527-B-20.wav,1.0,20.0,crying_baby,True,211527.0,B
106,1-211527-C-20.wav,1.0,20.0,crying_baby,True,211527.0,C
107,1-21189-A-10.wav,1.0,10.0,rain,True,21189.0,A
108,1-21421-A-46.wav,1.0,46.0,church_bells,False,21421.0,A
109,1-21896-A-35.wav,1.0,35.0,washing_machine,False,21896.0,A
110,1-21934-A-38.wav,1.0,38.0,clock_tick,True,21934.0,A
111,1-21935-A-38.wav,1.0,38.0,clock_tick,True,21935.0,A
112,1-223162-A-25.wav,1.0,25.0,footsteps,False,223162.0,A
113,1-22694-A-20.wav,1.0,20.0,crying_baby,True,22694.0,A
114,1-22694-B-20.wav,1.0,20.0,crying_baby,True,22694.0,B
115,1-22804-A-46.wav,1.0,46.0,church_bells,False,22804.0,A
116,1-22882-A-44.wav,1.0,44.0,engine,False,22882.0,A
117,1-23094-A-15.wav,1.0,15.0,water_drops,False,23094.0,A
118,1-23094-B-15.wav,1.0,15.0,water_drops,False,23094.0,B
119,1-23222-A-19.wav,1.0,19.0,thunderstorm,False,23222.0,A
120,1-23222-B-19.wav,1.0,19.0,thunderstorm,False,23222.0,B
121,1-23706-A-49.wav,1.0,49.0,hand_saw,False,23706.0,A
122,1-23996-A-35.wav,1.0,35.0,washing_machine,False,23996.0,A
123,1-23996-B-35.wav,1.0,35.0,washing_machine,False,23996.0,B
124,1-24074-A-43.wav,1.0,43.0,car_horn,False,24074.0,A
125,1-24076-A-43.wav,1.0,43.0,car_horn,False,24076.0,A
126,1-24524-A-19.wav,1.0,19.0,thunderstorm,False,24524.0,A
127,1-24524-B-19.wav,1.0,19.0,thunderstorm,False,24524.0,B
128,1-24524-C-19.wav,1.0,19.0,thunderstorm,False,24524.0,C
129,1-24796-A-47.wav,1.0,47.0,airplane,False,24796.0,A
130,1-254507-A-43.wav,1.0,43.0,car_horn,False,254507.0,A
131,1-25777-A-48.wav,1.0,48.0,fireworks,False,25777.0,A
132,1-25781-A-48.wav,1.0,48.0,fireworks,False,25781.0,A
133,1-260640-A-2.wav,1.0,2.0,pig,False,260640.0,A
134,1-260640-B-2.wav,1.0,2.0,pig,False,260640.0,B
135,1-260640-C-2.wav,1.0,2.0,pig,False,260640.0,C
136,1-26143-A-21.wav,1.0,21.0,sneezing,True,26143.0,A
137,1-26176-A-43.wav,1.0,43.0,car_horn,False,26176.0,A
138,1-26177-A-43.wav,1.0,43.0,car_horn,False,26177.0,A
139,1-26188-A-30.wav,1.0,30.0,door_wood_knock,False,26188.0,A
140,1-26222-A-10.wav,1.0,10.0,rain,True,26222.0,A
141,1-26806-A-1.wav,1.0,1.0,rooster,True,26806.0,A
142,1-27165-A-35.wav,1.0,35.0,washing_machine,False,27165.0,A
143,1-27166-A-35.wav,1.0,35.0,washing_machine,False,27166.0,A
144,1-27403-A-28.wav,1.0,28.0,snoring,False,27403.0,A
145,1-27405-A-28.wav,1.0,28.0,snoring,False,27405.0,A
146,1-27724-A-1.wav,1.0,1.0,rooster,True,27724.0,A
147,1-28005-A-18.wav,1.0,18.0,toilet_flush,False,28005.0,A
148,1-28135-A-11.wav,1.0,11.0,sea_waves,True,28135.0,A
149,1-28135-B-11.wav,1.0,11.0,sea_waves,True,28135.0,B
150,1-28808-A-43.wav,1.0,43.0,car_horn,False,28808.0,A
151,1-29532-A-16.wav,1.0,16.0,wind,False,29532.0,A
152,1-29561-A-10.wav,1.0,10.0,rain,True,29561.0,A
153,1-29680-A-21.wav,1.0,21.0,sneezing,True,29680.0,A
154,1-30039-A-26.wav,1.0,26.0,laughing,False,30039.0,A
155,1-30043-A-26.wav,1.0,26.0,laughing,False,30043.0,A
156,1-30214-A-18.wav,1.0,18.0,toilet_flush,False,30214.0,A
157,1-30226-A-0.wav,1.0,0.0,dog,True,30226.0,A
158,1-30344-A-0.wav,1.0,0.0,dog,True,30344.0,A
159,1-30709-A-23.wav,1.0,23.0,breathing,False,30709.0,A
160,1-30709-B-23.wav,1.0,23.0,breathing,False,30709.0,B
161,1-30709-C-23.wav,1.0,23.0,breathing,False,30709.0,C
162,1-30830-A-24.wav,1.0,24.0,coughing,False,30830.0,A
163,1-31251-A-6.wav,1.0,6.0,hen,False,31251.0,A
164,1-31251-B-6.wav,1.0,6.0,hen,False,31251.0,B
165,1-31482-A-42.wav,1.0,42.0,siren,False,31482.0,A
166,1-31482-B-42.wav,1.0,42.0,siren,False,31482.0,B
167,1-31748-A-21.wav,1.0,21.0,sneezing,True,31748.0,A
168,1-31836-A-4.wav,1.0,4.0,frog,False,31836.0,A
169,1-31836-B-4.wav,1.0,4.0,frog,False,31836.0,B
170,1-32318-A-0.wav,1.0,0.0,dog,True,32318.0,A
171,1-32373-A-35.wav,1.0,35.0,washing_machine,False,32373.0,A
172,1-32373-B-35.wav,1.0,35.0,washing_machine,False,32373.0,B
173,1-32579-A-29.wav,1.0,29.0,drinking_sipping,False,32579.0,A
174,1-33658-A-26.wav,1.0,26.0,laughing,False,33658.0,A
175,1-34094-A-5.wav,1.0,5.0,cat,False,34094.0,A
176,1-34094-B-5.wav,1.0,5.0,cat,False,34094.0,B
177,1-34119-A-1.wav,1.0,1.0,rooster,True,34119.0,A
178,1-34119-B-1.wav,1.0,1.0,rooster,True,34119.0,B
179,1-34495-A-14.wav,1.0,14.0,chirping_birds,False,34495.0,A
180,1-34497-A-14.wav,1.0,14.0,chirping_birds,False,34497.0,A
181,1-34853-A-37.wav,1.0,37.0,clock_alarm,False,34853.0,A
182,1-35687-A-38.wav,1.0,38.0,clock_tick,True,35687.0,A
183,1-36164-A-26.wav,1.0,26.0,laughing,False,36164.0,A
184,1-36164-B-26.wav,1.0,26.0,laughing,False,36164.0,B
185,1-36393-A-23.wav,1.0,23.0,breathing,False,36393.0,A
186,1-36397-A-23.wav,1.0,23.0,breathing,False,36397.0,A
187,1-36400-A-23.wav,1.0,23.0,breathing,False,36400.0,A
188,1-36402-A-23.wav,1.0,23.0,breathing,False,36402.0,A
189,1-36929-A-47.wav,1.0,47.0,airplane,False,36929.0,A
190,1-37226-A-29.wav,1.0,29.0,drinking_sipping,False,37226.0,A
191,1-38559-A-14.wav,1.0,14.0,chirping_birds,False,38559.0,A
192,1-38560-A-14.wav,1.0,14.0,chirping_birds,False,38560.0,A
193,1-39835-A-9.wav,1.0,9.0,crow,False,39835.0,A
194,1-39835-B-9.wav,1.0,9.0,crow,False,39835.0,B
195,1-39901-A-11.wav,1.0,11.0,sea_waves,True,39901.0,A
196,1-39901-B-11.wav,1.0,11.0,sea_waves,True,39901.0,B
197,1-39923-A-1.wav,1.0,1.0,rooster,True,39923.0,A
198,1-39937-A-28.wav,1.0,28.0,snoring,False,39937.0,A
199,1-40154-A-46.wav,1.0,46.0,church_bells,False,40154.0,A
200,1-40621-A-28.wav,1.0,28.0,snoring,False,40621.0,A
201,1-40730-A-1.wav,1.0,1.0,rooster,True,40730.0,A
202,1-40967-A-28.wav,1.0,28.0,snoring,False,40967.0,A
203,1-41615-A-34.wav,1.0,34.0,can_opening,False,41615.0,A
204,1-4211-A-12.wav,1.0,12.0,crackling_fire,True,4211.0,A
205,1-42139-A-38.wav,1.0,38.0,clock_tick,True,42139.0,A
206,1-43382-A-1.wav,1.0,1.0,rooster,True,43382.0,A
207,1-43760-A-11.wav,1.0,11.0,sea_waves,True,43760.0,A
208,1-43764-A-34.wav,1.0,34.0,can_opening,False,43764.0,A
209,1-43807-A-47.wav,1.0,47.0,airplane,False,43807.0,A
210,1-43807-B-47.wav,1.0,47.0,airplane,False,43807.0,B
211,1-43807-C-47.wav,1.0,47.0,airplane,False,43807.0,C
212,1-43807-D-47.wav,1.0,47.0,airplane,False,43807.0,D
213,1-44831-A-1.wav,1.0,1.0,rooster,True,44831.0,A
214,1-45641-A-27.wav,1.0,27.0,brushing_teeth,False,45641.0,A
215,1-45645-A-31.wav,1.0,31.0,mouse_click,False,45645.0,A
216,1-46040-A-14.wav,1.0,14.0,chirping_birds,False,46040.0,A
217,1-46272-A-12.wav,1.0,12.0,crackling_fire,True,46272.0,A
218,1-46274-A-18.wav,1.0,18.0,toilet_flush,False,46274.0,A
219,1-46353-A-49.wav,1.0,49.0,hand_saw,False,46353.0,A
220,1-46744-A-36.wav,1.0,36.0,vacuum_cleaner,False,46744.0,A
221,1-46938-A-7.wav,1.0,7.0,insects,False,46938.0,A
222,1-46938-B-7.wav,1.0,7.0,insects,False,46938.0,B
223,1-47250-A-41.wav,1.0,41.0,chainsaw,True,47250.0,A
224,1-47250-B-41.wav,1.0,41.0,chainsaw,True,47250.0,B
225,1-47273-A-21.wav,1.0,21.0,sneezing,True,47273.0,A
226,1-47274-A-21.wav,1.0,21.0,sneezing,True,47274.0,A
227,1-47709-A-16.wav,1.0,16.0,wind,False,47709.0,A
228,1-47714-A-16.wav,1.0,16.0,wind,False,47714.0,A
229,1-47819-A-5.wav,1.0,5.0,cat,False,47819.0,A
230,1-47819-B-5.wav,1.0,5.0,cat,False,47819.0,B
231,1-47819-C-5.wav,1.0,5.0,cat,False,47819.0,C
232,1-47923-A-28.wav,1.0,28.0,snoring,False,47923.0,A
233,1-48298-A-46.wav,1.0,46.0,church_bells,False,48298.0,A
234,1-48413-A-38.wav,1.0,38.0,clock_tick,True,48413.0,A
235,1-49098-A-35.wav,1.0,35.0,washing_machine,False,49098.0,A
236,1-49409-A-8.wav,1.0,8.0,sheep,False,49409.0,A
237,1-49409-B-8.wav,1.0,8.0,sheep,False,49409.0,B
238,1-50060-A-10.wav,1.0,10.0,rain,True,50060.0,A
239,1-50454-A-44.wav,1.0,44.0,engine,False,50454.0,A
240,1-50455-A-44.wav,1.0,44.0,engine,False,50455.0,A
241,1-50623-A-15.wav,1.0,15.0,water_drops,False,50623.0,A
242,1-50625-A-17.wav,1.0,17.0,pouring_water,False,50625.0,A
243,1-50661-A-44.wav,1.0,44.0,engine,False,50661.0,A
244,1-50688-A-17.wav,1.0,17.0,pouring_water,False,50688.0,A
245,1-51035-A-16.wav,1.0,16.0,wind,False,51035.0,A
246,1-51036-A-16.wav,1.0,16.0,wind,False,51036.0,A
247,1-51037-A-16.wav,1.0,16.0,wind,False,51037.0,A
248,1-51147-A-25.wav,1.0,25.0,footsteps,False,51147.0,A
249,1-51170-A-18.wav,1.0,18.0,toilet_flush,False,51170.0,A
250,1-51433-A-17.wav,1.0,17.0,pouring_water,False,51433.0,A
251,1-51436-A-17.wav,1.0,17.0,pouring_water,False,51436.0,A
252,1-51805-A-33.wav,1.0,33.0,door_wood_creaks,False,51805.0,A
253,1-51805-B-33.wav,1.0,33.0,door_wood_creaks,False,51805.0,B
254,1-51805-C-33.wav,1.0,33.0,door_wood_creaks,False,51805.0,C
255,1-51805-D-33.wav,1.0,33.0,door_wood_creaks,False,51805.0,D
256,1-51805-E-33.wav,1.0,33.0,door_wood_creaks,False,51805.0,E
257,1-51805-F-33.wav,1.0,33.0,door_wood_creaks,False,51805.0,F
258,1-51805-G-33.wav,1.0,33.0,door_wood_creaks,False,51805.0,G
259,1-51805-H-33.wav,1.0,33.0,door_wood_creaks,False,51805.0,H
260,1-52266-A-24.wav,1.0,24.0,coughing,False,52266.0,A
261,1-52290-A-30.wav,1.0,30.0,door_wood_knock,False,52290.0,A
262,1-52323-A-24.wav,1.0,24.0,coughing,False,52323.0,A
263,1-53444-A-28.wav,1.0,28.0,snoring,False,53444.0,A
264,1-53467-A-47.wav,1.0,47.0,airplane,False,53467.0,A
265,1-53501-A-32.wav,1.0,32.0,keyboard_typing,False,53501.0,A
266,1-53663-A-24.wav,1.0,24.0,coughing,False,53663.0,A
267,1-53670-A-18.wav,1.0,18.0,toilet_flush,False,53670.0,A
268,1-54065-A-45.wav,1.0,45.0,train,False,54065.0,A
269,1-54065-B-45.wav,1.0,45.0,train,False,54065.0,B
270,1-54084-A-42.wav,1.0,42.0,siren,False,54084.0,A
271,1-54505-A-21.wav,1.0,21.0,sneezing,True,54505.0,A
272,1-54747-A-46.wav,1.0,46.0,church_bells,False,54747.0,A
273,1-54752-A-18.wav,1.0,18.0,toilet_flush,False,54752.0,A
274,1-54918-A-14.wav,1.0,14.0,chirping_birds,False,54918.0,A
275,1-54918-B-14.wav,1.0,14.0,chirping_birds,False,54918.0,B
276,1-54958-A-10.wav,1.0,10.0,rain,True,54958.0,A
277,1-56233-A-9.wav,1.0,9.0,crow,False,56233.0,A
278,1-56234-A-9.wav,1.0,9.0,crow,False,56234.0,A
279,1-56269-A-18.wav,1.0,18.0,toilet_flush,False,56269.0,A
280,1-56270-A-29.wav,1.0,29.0,drinking_sipping,False,56270.0,A
281,1-56311-A-10.wav,1.0,10.0,rain,True,56311.0,A
282,1-56380-A-5.wav,1.0,5.0,cat,False,56380.0,A
283,1-56380-B-5.wav,1.0,5.0,cat,False,56380.0,B
284,1-56907-A-46.wav,1.0,46.0,church_bells,False,56907.0,A
285,1-57163-A-38.wav,1.0,38.0,clock_tick,True,57163.0,A
286,1-57316-A-13.wav,1.0,13.0,crickets,False,57316.0,A
287,1-57318-A-13.wav,1.0,13.0,crickets,False,57318.0,A
288,1-57795-A-8.wav,1.0,8.0,sheep,False,57795.0,A
289,1-58277-A-3.wav,1.0,3.0,cow,False,58277.0,A
290,1-58792-A-24.wav,1.0,24.0,coughing,False,58792.0,A
291,1-58846-A-34.wav,1.0,34.0,can_opening,False,58846.0,A
292,1-58923-A-27.wav,1.0,27.0,brushing_teeth,False,58923.0,A
293,1-58923-B-27.wav,1.0,27.0,brushing_teeth,False,58923.0,B
294,1-59102-A-13.wav,1.0,13.0,crickets,False,59102.0,A
295,1-59324-A-21.wav,1.0,21.0,sneezing,True,59324.0,A
296,1-59513-A-0.wav,1.0,0.0,dog,True,59513.0,A
297,1-5996-A-6.wav,1.0,6.0,hen,False,5996.0,A
298,1-60460-A-36.wav,1.0,36.0,vacuum_cleaner,False,60460.0,A
299,1-60676-A-34.wav,1.0,34.0,can_opening,False,60676.0,A
300,1-60997-A-20.wav,1.0,20.0,crying_baby,True,60997.0,A
301,1-60997-B-20.wav,1.0,20.0,crying_baby,True,60997.0,B
302,1-61212-A-32.wav,1.0,32.0,keyboard_typing,False,61212.0,A
303,1-61221-A-17.wav,1.0,17.0,pouring_water,False,61221.0,A
304,1-61252-A-11.wav,1.0,11.0,sea_waves,True,61252.0,A
305,1-61261-A-44.wav,1.0,44.0,engine,False,61261.0,A
306,1-61534-A-27.wav,1.0,27.0,brushing_teeth,False,61534.0,A
307,1-62509-A-45.wav,1.0,45.0,train,False,62509.0,A
308,1-62565-A-44.wav,1.0,44.0,engine,False,62565.0,A
309,1-62594-A-32.wav,1.0,32.0,keyboard_typing,False,62594.0,A
310,1-62849-A-38.wav,1.0,38.0,clock_tick,True,62849.0,A
311,1-62850-A-38.wav,1.0,38.0,clock_tick,True,62850.0,A
312,1-63679-A-24.wav,1.0,24.0,coughing,False,63679.0,A
313,1-63871-A-10.wav,1.0,10.0,rain,True,63871.0,A
314,1-64398-A-41.wav,1.0,41.0,chainsaw,True,64398.0,A
315,1-64398-B-41.wav,1.0,41.0,chainsaw,True,64398.0,B
316,1-64473-A-45.wav,1.0,45.0,train,False,64473.0,A
317,1-65483-A-13.wav,1.0,13.0,crickets,False,65483.0,A
318,1-67033-A-37.wav,1.0,37.0,clock_alarm,False,67033.0,A
319,1-67152-A-17.wav,1.0,17.0,pouring_water,False,67152.0,A
320,1-67230-A-29.wav,1.0,29.0,drinking_sipping,False,67230.0,A
321,1-67432-A-27.wav,1.0,27.0,brushing_teeth,False,67432.0,A
322,1-68628-A-27.wav,1.0,27.0,brushing_teeth,False,68628.0,A
323,1-68670-A-34.wav,1.0,34.0,can_opening,False,68670.0,A
324,1-68734-A-34.wav,1.0,34.0,can_opening,False,68734.0,A
325,1-69165-A-34.wav,1.0,34.0,can_opening,False,69165.0,A
326,1-69422-A-3.wav,1.0,3.0,cow,False,69422.0,A
327,1-69641-A-3.wav,1.0,3.0,cow,False,69641.0,A
328,1-69760-A-16.wav,1.0,16.0,wind,False,69760.0,A
329,1-70300-A-45.wav,1.0,45.0,train,False,70300.0,A
330,1-7057-A-12.wav,1.0,12.0,crackling_fire,True,7057.0,A
331,1-71030-A-6.wav,1.0,6.0,hen,False,71030.0,A
332,1-72195-A-37.wav,1.0,37.0,clock_alarm,False,72195.0,A
333,1-72195-B-37.wav,1.0,37.0,clock_alarm,False,72195.0,B
334,1-72229-A-6.wav,1.0,6.0,hen,False,72229.0,A
335,1-72229-B-6.wav,1.0,6.0,hen,False,72229.0,B
336,1-72695-A-26.wav,1.0,26.0,laughing,False,72695.0,A
337,1-73123-A-26.wav,1.0,26.0,laughing,False,73123.0,A
338,1-73585-A-7.wav,1.0,7.0,insects,False,73585.0,A
339,1-74517-A-37.wav,1.0,37.0,clock_alarm,False,74517.0,A
340,1-7456-A-13.wav,1.0,13.0,crickets,False,7456.0,A
341,1-75162-A-9.wav,1.0,9.0,crow,False,75162.0,A
342,1-75189-A-7.wav,1.0,7.0,insects,False,75189.0,A
343,1-75190-A-8.wav,1.0,8.0,sheep,False,75190.0,A
344,1-76831-A-42.wav,1.0,42.0,siren,False,76831.0,A
345,1-76831-B-42.wav,1.0,42.0,siren,False,76831.0,B
346,1-76831-C-42.wav,1.0,42.0,siren,False,76831.0,C
347,1-76831-D-42.wav,1.0,42.0,siren,False,76831.0,D
348,1-76831-E-42.wav,1.0,42.0,siren,False,76831.0,E
349,1-77160-A-3.wav,1.0,3.0,cow,False,77160.0,A
350,1-77241-A-3.wav,1.0,3.0,cow,False,77241.0,A
351,1-79113-A-5.wav,1.0,5.0,cat,False,79113.0,A
352,1-79146-A-29.wav,1.0,29.0,drinking_sipping,False,79146.0,A
353,1-79220-A-17.wav,1.0,17.0,pouring_water,False,79220.0,A
354,1-79236-A-36.wav,1.0,36.0,vacuum_cleaner,False,79236.0,A
355,1-79711-A-32.wav,1.0,32.0,keyboard_typing,False,79711.0,A
356,1-7973-A-7.wav,1.0,7.0,insects,False,7973.0,A
357,1-7974-A-49.wav,1.0,49.0,hand_saw,False,7974.0,A
358,1-7974-B-49.wav,1.0,49.0,hand_saw,False,7974.0,B
359,1-80785-A-7.wav,1.0,7.0,insects,False,80785.0,A
360,1-80840-A-13.wav,1.0,13.0,crickets,False,80840.0,A
361,1-80841-A-13.wav,1.0,13.0,crickets,False,80841.0,A
362,1-81001-A-30.wav,1.0,30.0,door_wood_knock,False,81001.0,A
363,1-81001-B-30.wav,1.0,30.0,door_wood_knock,False,81001.0,B
364,1-81269-A-3.wav,1.0,3.0,cow,False,81269.0,A
365,1-81851-A-31.wav,1.0,31.0,mouse_click,False,81851.0,A
366,1-81883-A-21.wav,1.0,21.0,sneezing,True,81883.0,A
367,1-82817-A-30.wav,1.0,30.0,door_wood_knock,False,82817.0,A
368,1-84393-A-32.wav,1.0,32.0,keyboard_typing,False,84393.0,A
369,1-84536-A-39.wav,1.0,39.0,glass_breaking,False,84536.0,A
370,1-84704-A-39.wav,1.0,39.0,glass_breaking,False,84704.0,A
371,1-84705-A-39.wav,1.0,39.0,glass_breaking,False,84705.0,A
372,1-85123-A-31.wav,1.0,31.0,mouse_click,False,85123.0,A
373,1-85168-A-39.wav,1.0,39.0,glass_breaking,False,85168.0,A
374,1-85184-A-39.wav,1.0,39.0,glass_breaking,False,85184.0,A
375,1-85362-A-0.wav,1.0,0.0,dog,True,85362.0,A
376,1-85909-A-29.wav,1.0,29.0,drinking_sipping,False,85909.0,A
377,1-87565-A-29.wav,1.0,29.0,drinking_sipping,False,87565.0,A
378,1-88409-A-45.wav,1.0,45.0,train,False,88409.0,A
379,1-88409-B-45.wav,1.0,45.0,train,False,88409.0,B
380,1-88574-A-8.wav,1.0,8.0,sheep,False,88574.0,A
381,1-88807-A-39.wav,1.0,39.0,glass_breaking,False,88807.0,A
382,1-90797-A-15.wav,1.0,15.0,water_drops,False,90797.0,A
383,1-91359-A-11.wav,1.0,11.0,sea_waves,True,91359.0,A
384,1-91359-B-11.wav,1.0,11.0,sea_waves,True,91359.0,B
385,1-94036-A-22.wav,1.0,22.0,clapping,False,94036.0,A
386,1-94231-A-32.wav,1.0,32.0,keyboard_typing,False,94231.0,A
387,1-94231-B-32.wav,1.0,32.0,keyboard_typing,False,94231.0,B
388,1-95563-A-31.wav,1.0,31.0,mouse_click,False,95563.0,A
389,1-96890-A-37.wav,1.0,37.0,clock_alarm,False,96890.0,A
390,1-96950-A-9.wav,1.0,9.0,crow,False,96950.0,A
391,1-96950-B-9.wav,1.0,9.0,crow,False,96950.0,B
392,1-97392-A-0.wav,1.0,0.0,dog,True,97392.0,A
393,1-977-A-39.wav,1.0,39.0,glass_breaking,False,977.0,A
394,1-97793-A-31.wav,1.0,31.0,mouse_click,False,97793.0,A
395,1-9841-A-13.wav,1.0,13.0,crickets,False,9841.0,A
396,1-9886-A-49.wav,1.0,49.0,hand_saw,False,9886.0,A
397,1-9887-A-49.wav,1.0,49.0,hand_saw,False,9887.0,A
398,1-9887-B-49.wav,1.0,49.0,hand_saw,False,9887.0,B
399,1-99958-A-31.wav,1.0,31.0,mouse_click,False,99958.0,A
400,2-100648-A-43.wav,2.0,43.0,car_horn,False,100648.0,A
401,2-100786-A-1.wav,2.0,1.0,rooster,True,100786.0,A
402,2-101676-A-10.wav,2.0,10.0,rain,True,101676.0,A
403,2-102414-A-17.wav,2.0,17.0,pouring_water,False,102414.0,A
404,2-102414-B-17.wav,2.0,17.0,pouring_water,False,102414.0,B
405,2-102414-C-17.wav,2.0,17.0,pouring_water,False,102414.0,C
406,2-102414-D-17.wav,2.0,17.0,pouring_water,False,102414.0,D
407,2-102414-E-17.wav,2.0,17.0,pouring_water,False,102414.0,E
408,2-102414-F-17.wav,2.0,17.0,pouring_water,False,102414.0,F
409,2-102414-G-17.wav,2.0,17.0,pouring_water,False,102414.0,G
410,2-102435-A-37.wav,2.0,37.0,clock_alarm,False,102435.0,A
411,2-102567-A-35.wav,2.0,35.0,washing_machine,False,102567.0,A
412,2-102567-B-35.wav,2.0,35.0,washing_machine,False,102567.0,B
413,2-102567-C-35.wav,2.0,35.0,washing_machine,False,102567.0,C
414,2-102567-D-35.wav,2.0,35.0,washing_machine,False,102567.0,D
415,2-102568-A-35.wav,2.0,35.0,washing_machine,False,102568.0,A
416,2-102581-A-29.wav,2.0,29.0,drinking_sipping,False,102581.0,A
417,2-102581-B-29.wav,2.0,29.0,drinking_sipping,False,102581.0,B
418,2-102852-A-11.wav,2.0,11.0,sea_waves,True,102852.0,A
419,2-103423-A-3.wav,2.0,3.0,cow,False,103423.0,A
420,2-103424-A-3.wav,2.0,3.0,cow,False,103424.0,A
421,2-103426-A-3.wav,2.0,3.0,cow,False,103426.0,A
422,2-103427-A-3.wav,2.0,3.0,cow,False,103427.0,A
423,2-103428-A-3.wav,2.0,3.0,cow,False,103428.0,A
424,2-104105-A-19.wav,2.0,19.0,thunderstorm,False,104105.0,A
425,2-104105-B-19.wav,2.0,19.0,thunderstorm,False,104105.0,B
426,2-104168-A-32.wav,2.0,32.0,keyboard_typing,False,104168.0,A
427,2-104475-A-37.wav,2.0,37.0,clock_alarm,False,104475.0,A
428,2-104476-A-37.wav,2.0,37.0,clock_alarm,False,104476.0,A
429,2-104877-A-3.wav,2.0,3.0,cow,False,104877.0,A
430,2-104952-A-16.wav,2.0,16.0,wind,False,104952.0,A
431,2-104952-B-16.wav,2.0,16.0,wind,False,104952.0,B
432,2-105270-A-47.wav,2.0,47.0,airplane,False,105270.0,A
433,2-106014-A-44.wav,2.0,44.0,engine,False,106014.0,A
434,2-106015-A-44.wav,2.0,44.0,engine,False,106015.0,A
435,2-106015-B-44.wav,2.0,44.0,engine,False,106015.0,B
436,2-106019-A-13.wav,2.0,13.0,crickets,False,106019.0,A
437,2-106072-A-36.wav,2.0,36.0,vacuum_cleaner,False,106072.0,A
438,2-106073-A-36.wav,2.0,36.0,vacuum_cleaner,False,106073.0,A
439,2-106486-A-44.wav,2.0,44.0,engine,False,106486.0,A
440,2-106487-A-44.wav,2.0,44.0,engine,False,106487.0,A
441,2-106849-A-47.wav,2.0,47.0,airplane,False,106849.0,A
442,2-106881-A-39.wav,2.0,39.0,glass_breaking,False,106881.0,A
443,2-107228-A-44.wav,2.0,44.0,engine,False,107228.0,A
444,2-107228-B-44.wav,2.0,44.0,engine,False,107228.0,B
445,2-107351-A-20.wav,2.0,20.0,crying_baby,True,107351.0,A
446,2-107351-B-20.wav,2.0,20.0,crying_baby,True,107351.0,B
447,2-108017-A-24.wav,2.0,24.0,coughing,False,108017.0,A
448,2-108760-A-14.wav,2.0,14.0,chirping_birds,False,108760.0,A
449,2-108760-B-14.wav,2.0,14.0,chirping_birds,False,108760.0,B
450,2-108761-A-14.wav,2.0,14.0,chirping_birds,False,108761.0,A
451,2-108763-A-9.wav,2.0,9.0,crow,False,108763.0,A
452,2-108766-A-9.wav,2.0,9.0,crow,False,108766.0,A
453,2-108767-A-9.wav,2.0,9.0,crow,False,108767.0,A
454,2-108767-B-9.wav,2.0,9.0,crow,False,108767.0,B
455,2-108767-C-9.wav,2.0,9.0,crow,False,108767.0,C
456,2-109231-A-9.wav,2.0,9.0,crow,False,109231.0,A
457,2-109231-B-9.wav,2.0,9.0,crow,False,109231.0,B
458,2-109231-C-9.wav,2.0,9.0,crow,False,109231.0,C
459,2-109316-A-32.wav,2.0,32.0,keyboard_typing,False,109316.0,A
460,2-109371-A-16.wav,2.0,16.0,wind,False,109371.0,A
461,2-109371-B-16.wav,2.0,16.0,wind,False,109371.0,B
462,2-109371-C-16.wav,2.0,16.0,wind,False,109371.0,C
463,2-109371-D-16.wav,2.0,16.0,wind,False,109371.0,D
464,2-109374-A-16.wav,2.0,16.0,wind,False,109374.0,A
465,2-109505-A-21.wav,2.0,21.0,sneezing,True,109505.0,A
466,2-109759-A-26.wav,2.0,26.0,laughing,False,109759.0,A
467,2-109759-B-26.wav,2.0,26.0,laughing,False,109759.0,B
468,2-110010-A-5.wav,2.0,5.0,cat,False,110010.0,A
469,2-110011-A-5.wav,2.0,5.0,cat,False,110011.0,A
470,2-110417-A-28.wav,2.0,28.0,snoring,False,110417.0,A
471,2-110417-B-28.wav,2.0,28.0,snoring,False,110417.0,B
472,2-110613-A-13.wav,2.0,13.0,crickets,False,110613.0,A
473,2-110614-A-8.wav,2.0,8.0,sheep,False,110614.0,A
474,2-110614-B-8.wav,2.0,8.0,sheep,False,110614.0,B
475,2-112213-A-39.wav,2.0,39.0,glass_breaking,False,112213.0,A
476,2-112213-B-39.wav,2.0,39.0,glass_breaking,False,112213.0,B
477,2-114254-A-30.wav,2.0,30.0,door_wood_knock,False,114254.0,A
478,2-114280-A-0.wav,2.0,0.0,dog,True,114280.0,A
479,2-114587-A-0.wav,2.0,0.0,dog,True,114587.0,A
480,2-114609-A-28.wav,2.0,28.0,snoring,False,114609.0,A
481,2-114609-B-28.wav,2.0,28.0,snoring,False,114609.0,B
482,2-116400-A-0.wav,2.0,0.0,dog,True,116400.0,A
483,2-117116-A-37.wav,2.0,37.0,clock_alarm,False,117116.0,A
484,2-117271-A-0.wav,2.0,0.0,dog,True,117271.0,A
485,2-117330-A-28.wav,2.0,28.0,snoring,False,117330.0,A
486,2-117615-A-48.wav,2.0,48.0,fireworks,False,117615.0,A
487,2-117615-B-48.wav,2.0,48.0,fireworks,False,117615.0,B
488,2-117615-C-48.wav,2.0,48.0,fireworks,False,117615.0,C
489,2-117615-D-48.wav,2.0,48.0,fireworks,False,117615.0,D
490,2-117615-E-48.wav,2.0,48.0,fireworks,False,117615.0,E
491,2-117616-A-48.wav,2.0,48.0,fireworks,False,117616.0,A
492,2-117617-A-48.wav,2.0,48.0,fireworks,False,117617.0,A
493,2-117625-A-10.wav,2.0,10.0,rain,True,117625.0,A
494,2-117795-A-3.wav,2.0,3.0,cow,False,117795.0,A
495,2-117795-B-3.wav,2.0,3.0,cow,False,117795.0,B
496,2-118072-A-0.wav,2.0,0.0,dog,True,118072.0,A
497,2-118104-A-21.wav,2.0,21.0,sneezing,True,118104.0,A
498,2-118459-A-32.wav,2.0,32.0,keyboard_typing,False,118459.0,A
499,2-118459-B-32.wav,2.0,32.0,keyboard_typing,False,118459.0,B
500,2-118624-A-30.wav,2.0,30.0,door_wood_knock,False,118624.0,A
501,2-118625-A-30.wav,2.0,30.0,door_wood_knock,False,118625.0,A
502,2-118817-A-32.wav,2.0,32.0,keyboard_typing,False,118817.0,A
503,2-118964-A-0.wav,2.0,0.0,dog,True,118964.0,A
504,2-119102-A-21.wav,2.0,21.0,sneezing,True,119102.0,A
505,2-119139-A-31.wav,2.0,31.0,mouse_click,False,119139.0,A
506,2-119161-A-8.wav,2.0,8.0,sheep,False,119161.0,A
507,2-119161-B-8.wav,2.0,8.0,sheep,False,119161.0,B
508,2-119161-C-8.wav,2.0,8.0,sheep,False,119161.0,C
509,2-119748-A-38.wav,2.0,38.0,clock_tick,True,119748.0,A
510,2-120218-A-30.wav,2.0,30.0,door_wood_knock,False,120218.0,A
511,2-120218-B-30.wav,2.0,30.0,door_wood_knock,False,120218.0,B
512,2-120333-A-32.wav,2.0,32.0,keyboard_typing,False,120333.0,A
513,2-120586-A-6.wav,2.0,6.0,hen,False,120586.0,A
514,2-120587-A-6.wav,2.0,6.0,hen,False,120587.0,A
515,2-121909-A-35.wav,2.0,35.0,washing_machine,False,121909.0,A
516,2-121978-A-29.wav,2.0,29.0,drinking_sipping,False,121978.0,A
517,2-122066-A-45.wav,2.0,45.0,train,False,122066.0,A
518,2-122066-B-45.wav,2.0,45.0,train,False,122066.0,B
519,2-122067-A-45.wav,2.0,45.0,train,False,122067.0,A
520,2-122067-B-45.wav,2.0,45.0,train,False,122067.0,B
521,2-122104-A-0.wav,2.0,0.0,dog,True,122104.0,A
522,2-122104-B-0.wav,2.0,0.0,dog,True,122104.0,B
523,2-122616-A-14.wav,2.0,14.0,chirping_birds,False,122616.0,A
524,2-122763-A-29.wav,2.0,29.0,drinking_sipping,False,122763.0,A
525,2-122763-B-29.wav,2.0,29.0,drinking_sipping,False,122763.0,B
526,2-122820-A-36.wav,2.0,36.0,vacuum_cleaner,False,122820.0,A
527,2-122820-B-36.wav,2.0,36.0,vacuum_cleaner,False,122820.0,B
528,2-123712-A-33.wav,2.0,33.0,door_wood_creaks,False,123712.0,A
529,2-123896-A-24.wav,2.0,24.0,coughing,False,123896.0,A
530,2-124564-A-15.wav,2.0,15.0,water_drops,False,124564.0,A
531,2-124662-A-11.wav,2.0,11.0,sea_waves,True,124662.0,A
532,2-125520-A-43.wav,2.0,43.0,car_horn,False,125520.0,A
533,2-125821-A-13.wav,2.0,13.0,crickets,False,125821.0,A
534,2-125875-A-13.wav,2.0,13.0,crickets,False,125875.0,A
535,2-125966-A-11.wav,2.0,11.0,sea_waves,True,125966.0,A
536,2-126433-A-17.wav,2.0,17.0,pouring_water,False,126433.0,A
537,2-126756-A-29.wav,2.0,29.0,drinking_sipping,False,126756.0,A
538,2-127108-A-38.wav,2.0,38.0,clock_tick,True,127108.0,A
539,2-127109-A-6.wav,2.0,6.0,hen,False,127109.0,A
540,2-128465-A-43.wav,2.0,43.0,car_horn,False,128465.0,A
541,2-128465-B-43.wav,2.0,43.0,car_horn,False,128465.0,B
542,2-128631-A-21.wav,2.0,21.0,sneezing,True,128631.0,A
543,2-130245-A-34.wav,2.0,34.0,can_opening,False,130245.0,A
544,2-130978-A-21.wav,2.0,21.0,sneezing,True,130978.0,A
545,2-130979-A-21.wav,2.0,21.0,sneezing,True,130979.0,A
546,2-131943-A-38.wav,2.0,38.0,clock_tick,True,131943.0,A
547,2-132157-A-11.wav,2.0,11.0,sea_waves,True,132157.0,A
548,2-132157-B-11.wav,2.0,11.0,sea_waves,True,132157.0,B
549,2-133863-A-11.wav,2.0,11.0,sea_waves,True,133863.0,A
550,2-133889-A-30.wav,2.0,30.0,door_wood_knock,False,133889.0,A
551,2-134049-A-6.wav,2.0,6.0,hen,False,134049.0,A
552,2-134700-A-38.wav,2.0,38.0,clock_tick,True,134700.0,A
553,2-134915-A-30.wav,2.0,30.0,door_wood_knock,False,134915.0,A
554,2-135649-A-45.wav,2.0,45.0,train,False,135649.0,A
555,2-135649-B-45.wav,2.0,45.0,train,False,135649.0,B
556,2-135649-C-45.wav,2.0,45.0,train,False,135649.0,C
557,2-135728-A-38.wav,2.0,38.0,clock_tick,True,135728.0,A
558,2-135860-A-49.wav,2.0,49.0,hand_saw,False,135860.0,A
559,2-137162-A-11.wav,2.0,11.0,sea_waves,True,137162.0,A
560,2-138257-A-31.wav,2.0,31.0,mouse_click,False,138257.0,A
561,2-138465-A-43.wav,2.0,43.0,car_horn,False,138465.0,A
562,2-139748-A-15.wav,2.0,15.0,water_drops,False,139748.0,A
563,2-139748-B-15.wav,2.0,15.0,water_drops,False,139748.0,B
564,2-139749-A-15.wav,2.0,15.0,water_drops,False,139749.0,A
565,2-140147-A-38.wav,2.0,38.0,clock_tick,True,140147.0,A
566,2-140841-A-30.wav,2.0,30.0,door_wood_knock,False,140841.0,A
567,2-141563-A-39.wav,2.0,39.0,glass_breaking,False,141563.0,A
568,2-141584-A-38.wav,2.0,38.0,clock_tick,True,141584.0,A
569,2-141681-A-36.wav,2.0,36.0,vacuum_cleaner,False,141681.0,A
570,2-141681-B-36.wav,2.0,36.0,vacuum_cleaner,False,141681.0,B
571,2-141682-A-36.wav,2.0,36.0,vacuum_cleaner,False,141682.0,A
572,2-141682-B-36.wav,2.0,36.0,vacuum_cleaner,False,141682.0,B
573,2-144031-A-34.wav,2.0,34.0,can_opening,False,144031.0,A
574,2-144137-A-43.wav,2.0,43.0,car_horn,False,144137.0,A
575,2-146877-A-31.wav,2.0,31.0,mouse_click,False,146877.0,A
576,2-146877-B-31.wav,2.0,31.0,mouse_click,False,146877.0,B
577,2-151079-A-20.wav,2.0,20.0,crying_baby,True,151079.0,A
578,2-152895-A-31.wav,2.0,31.0,mouse_click,False,152895.0,A
579,2-152964-A-31.wav,2.0,31.0,mouse_click,False,152964.0,A
580,2-153388-A-31.wav,2.0,31.0,mouse_click,False,153388.0,A
581,2-154688-A-31.wav,2.0,31.0,mouse_click,False,154688.0,A
582,2-155801-A-11.wav,2.0,11.0,sea_waves,True,155801.0,A
583,2-157488-A-6.wav,2.0,6.0,hen,False,157488.0,A
584,2-158746-A-2.wav,2.0,2.0,pig,False,158746.0,A
585,2-158746-B-2.wav,2.0,2.0,pig,False,158746.0,B
586,2-158746-C-2.wav,2.0,2.0,pig,False,158746.0,C
587,2-158746-D-2.wav,2.0,2.0,pig,False,158746.0,D
588,2-160128-A-7.wav,2.0,7.0,insects,False,160128.0,A
589,2-160888-A-47.wav,2.0,47.0,airplane,False,160888.0,A
590,2-165801-A-48.wav,2.0,48.0,fireworks,False,165801.0,A
591,2-166644-A-2.wav,2.0,2.0,pig,False,166644.0,A
592,2-166644-B-2.wav,2.0,2.0,pig,False,166644.0,B
593,2-166644-C-2.wav,2.0,2.0,pig,False,166644.0,C
594,2-173559-A-39.wav,2.0,39.0,glass_breaking,False,173559.0,A
595,2-173607-A-39.wav,2.0,39.0,glass_breaking,False,173607.0,A
596,2-173618-A-39.wav,2.0,39.0,glass_breaking,False,173618.0,A
597,2-182508-A-8.wav,2.0,8.0,sheep,False,182508.0,A
598,2-182508-B-8.wav,2.0,8.0,sheep,False,182508.0,B
599,2-184077-A-49.wav,2.0,49.0,hand_saw,False,184077.0,A
600,2-18766-A-12.wav,2.0,12.0,crackling_fire,True,18766.0,A
601,2-18766-B-12.wav,2.0,12.0,crackling_fire,True,18766.0,B
602,2-188822-A-40.wav,2.0,40.0,helicopter,True,188822.0,A
603,2-188822-B-40.wav,2.0,40.0,helicopter,True,188822.0,B
604,2-188822-C-40.wav,2.0,40.0,helicopter,True,188822.0,C
605,2-188822-D-40.wav,2.0,40.0,helicopter,True,188822.0,D
606,2-196688-A-8.wav,2.0,8.0,sheep,False,196688.0,A
607,2-205966-A-16.wav,2.0,16.0,wind,False,205966.0,A
608,2-209471-A-25.wav,2.0,25.0,footsteps,False,209471.0,A
609,2-209472-A-25.wav,2.0,25.0,footsteps,False,209472.0,A
610,2-209473-A-25.wav,2.0,25.0,footsteps,False,209473.0,A
611,2-209474-A-25.wav,2.0,25.0,footsteps,False,209474.0,A
612,2-209475-A-25.wav,2.0,25.0,footsteps,False,209475.0,A
613,2-209476-A-25.wav,2.0,25.0,footsteps,False,209476.0,A
614,2-209477-A-25.wav,2.0,25.0,footsteps,False,209477.0,A
615,2-209478-A-25.wav,2.0,25.0,footsteps,False,209478.0,A
616,2-250710-A-39.wav,2.0,39.0,glass_breaking,False,250710.0,A
617,2-25292-A-22.wav,2.0,22.0,clapping,False,25292.0,A
618,2-25293-A-22.wav,2.0,22.0,clapping,False,25293.0,A
619,2-262579-A-45.wav,2.0,45.0,train,False,262579.0,A
620,2-28314-A-12.wav,2.0,12.0,crackling_fire,True,28314.0,A
621,2-28314-B-12.wav,2.0,12.0,crackling_fire,True,28314.0,B
622,2-30322-A-12.wav,2.0,12.0,crackling_fire,True,30322.0,A
623,2-30322-B-12.wav,2.0,12.0,crackling_fire,True,30322.0,B
624,2-32515-A-4.wav,2.0,4.0,frog,False,32515.0,A
625,2-32515-B-4.wav,2.0,4.0,frog,False,32515.0,B
626,2-32515-C-4.wav,2.0,4.0,frog,False,32515.0,C
627,2-32515-D-4.wav,2.0,4.0,frog,False,32515.0,D
628,2-32834-A-4.wav,2.0,4.0,frog,False,32834.0,A
629,2-37806-A-40.wav,2.0,40.0,helicopter,True,37806.0,A
630,2-37806-B-40.wav,2.0,40.0,helicopter,True,37806.0,B
631,2-37806-C-40.wav,2.0,40.0,helicopter,True,37806.0,C
632,2-37806-D-40.wav,2.0,40.0,helicopter,True,37806.0,D
633,2-37870-A-2.wav,2.0,2.0,pig,False,37870.0,A
634,2-39441-A-19.wav,2.0,19.0,thunderstorm,False,39441.0,A
635,2-39443-A-19.wav,2.0,19.0,thunderstorm,False,39443.0,A
636,2-39443-B-19.wav,2.0,19.0,thunderstorm,False,39443.0,B
637,2-39945-A-19.wav,2.0,19.0,thunderstorm,False,39945.0,A
638,2-39945-B-19.wav,2.0,19.0,thunderstorm,False,39945.0,B
639,2-39945-C-19.wav,2.0,19.0,thunderstorm,False,39945.0,C
640,2-42101-A-43.wav,2.0,43.0,car_horn,False,42101.0,A
641,2-43802-A-42.wav,2.0,42.0,siren,False,43802.0,A
642,2-43806-A-42.wav,2.0,42.0,siren,False,43806.0,A
643,2-50665-A-20.wav,2.0,20.0,crying_baby,True,50665.0,A
644,2-50666-A-20.wav,2.0,20.0,crying_baby,True,50666.0,A
645,2-50667-A-41.wav,2.0,41.0,chainsaw,True,50667.0,A
646,2-50667-B-41.wav,2.0,41.0,chainsaw,True,50667.0,B
647,2-50668-A-41.wav,2.0,41.0,chainsaw,True,50668.0,A
648,2-50668-B-41.wav,2.0,41.0,chainsaw,True,50668.0,B
649,2-50774-A-23.wav,2.0,23.0,breathing,False,50774.0,A
650,2-51173-A-35.wav,2.0,35.0,washing_machine,False,51173.0,A
651,2-51630-A-49.wav,2.0,49.0,hand_saw,False,51630.0,A
652,2-51630-B-49.wav,2.0,49.0,hand_saw,False,51630.0,B
653,2-52001-A-28.wav,2.0,28.0,snoring,False,52001.0,A
654,2-52001-B-28.wav,2.0,28.0,snoring,False,52001.0,B
655,2-52085-A-4.wav,2.0,4.0,frog,False,52085.0,A
656,2-52085-B-4.wav,2.0,4.0,frog,False,52085.0,B
657,2-52789-A-4.wav,2.0,4.0,frog,False,52789.0,A
658,2-54086-A-43.wav,2.0,43.0,car_horn,False,54086.0,A
659,2-54961-A-23.wav,2.0,23.0,breathing,False,54961.0,A
660,2-54962-A-23.wav,2.0,23.0,breathing,False,54962.0,A
661,2-56926-A-46.wav,2.0,46.0,church_bells,False,56926.0,A
662,2-57191-A-46.wav,2.0,46.0,church_bells,False,57191.0,A
663,2-57733-A-22.wav,2.0,22.0,clapping,False,57733.0,A
664,2-59241-A-35.wav,2.0,35.0,washing_machine,False,59241.0,A
665,2-59321-A-49.wav,2.0,49.0,hand_saw,False,59321.0,A
666,2-59565-A-46.wav,2.0,46.0,church_bells,False,59565.0,A
667,2-59566-A-46.wav,2.0,46.0,church_bells,False,59566.0,A
668,2-60180-A-49.wav,2.0,49.0,hand_saw,False,60180.0,A
669,2-60180-B-49.wav,2.0,49.0,hand_saw,False,60180.0,B
670,2-60791-A-26.wav,2.0,26.0,laughing,False,60791.0,A
671,2-60794-A-26.wav,2.0,26.0,laughing,False,60794.0,A
672,2-60795-A-26.wav,2.0,26.0,laughing,False,60795.0,A
673,2-60900-A-22.wav,2.0,22.0,clapping,False,60900.0,A
674,2-61311-A-12.wav,2.0,12.0,crackling_fire,True,61311.0,A
675,2-61618-A-46.wav,2.0,46.0,church_bells,False,61618.0,A
676,2-62226-A-26.wav,2.0,26.0,laughing,False,62226.0,A
677,2-64332-A-18.wav,2.0,18.0,toilet_flush,False,64332.0,A
678,2-64962-A-15.wav,2.0,15.0,water_drops,False,64962.0,A
679,2-64963-A-15.wav,2.0,15.0,water_drops,False,64963.0,A
680,2-65484-A-18.wav,2.0,18.0,toilet_flush,False,65484.0,A
681,2-65747-A-12.wav,2.0,12.0,crackling_fire,True,65747.0,A
682,2-65750-A-1.wav,2.0,1.0,rooster,True,65750.0,A
683,2-66205-A-23.wav,2.0,23.0,breathing,False,66205.0,A
684,2-66637-A-20.wav,2.0,20.0,crying_baby,True,66637.0,A
685,2-66637-B-20.wav,2.0,20.0,crying_baby,True,66637.0,B
686,2-67422-A-18.wav,2.0,18.0,toilet_flush,False,67422.0,A
687,2-68391-A-41.wav,2.0,41.0,chainsaw,True,68391.0,A
688,2-68391-B-41.wav,2.0,41.0,chainsaw,True,68391.0,B
689,2-68595-A-15.wav,2.0,15.0,water_drops,False,68595.0,A
690,2-68595-B-15.wav,2.0,15.0,water_drops,False,68595.0,B
691,2-69131-A-5.wav,2.0,5.0,cat,False,69131.0,A
692,2-69131-B-5.wav,2.0,5.0,cat,False,69131.0,B
693,2-70052-A-42.wav,2.0,42.0,siren,False,70052.0,A
694,2-70052-B-42.wav,2.0,42.0,siren,False,70052.0,B
695,2-70280-A-18.wav,2.0,18.0,toilet_flush,False,70280.0,A
696,2-70344-A-33.wav,2.0,33.0,door_wood_creaks,False,70344.0,A
697,2-70366-A-33.wav,2.0,33.0,door_wood_creaks,False,70366.0,A
698,2-70367-A-33.wav,2.0,33.0,door_wood_creaks,False,70367.0,A
699,2-70936-A-42.wav,2.0,42.0,siren,False,70936.0,A
700,2-70938-A-42.wav,2.0,42.0,siren,False,70938.0,A
701,2-70939-A-42.wav,2.0,42.0,siren,False,70939.0,A
702,2-71162-A-1.wav,2.0,1.0,rooster,True,71162.0,A
703,2-72268-A-6.wav,2.0,6.0,hen,False,72268.0,A
704,2-72547-A-14.wav,2.0,14.0,chirping_birds,False,72547.0,A
705,2-72547-B-14.wav,2.0,14.0,chirping_birds,False,72547.0,B
706,2-72547-C-14.wav,2.0,14.0,chirping_birds,False,72547.0,C
707,2-72547-D-14.wav,2.0,14.0,chirping_birds,False,72547.0,D
708,2-72677-A-18.wav,2.0,18.0,toilet_flush,False,72677.0,A
709,2-72688-A-42.wav,2.0,42.0,siren,False,72688.0,A
710,2-72970-A-10.wav,2.0,10.0,rain,True,72970.0,A
711,2-73027-A-10.wav,2.0,10.0,rain,True,73027.0,A
712,2-7321-A-33.wav,2.0,33.0,door_wood_creaks,False,7321.0,A
713,2-73260-A-10.wav,2.0,10.0,rain,True,73260.0,A
714,2-73544-A-27.wav,2.0,27.0,brushing_teeth,False,73544.0,A
715,2-74361-A-47.wav,2.0,47.0,airplane,False,74361.0,A
716,2-74977-A-18.wav,2.0,18.0,toilet_flush,False,74977.0,A
717,2-75726-A-6.wav,2.0,6.0,hen,False,75726.0,A
718,2-76408-A-22.wav,2.0,22.0,clapping,False,76408.0,A
719,2-76408-B-22.wav,2.0,22.0,clapping,False,76408.0,B
720,2-76408-C-22.wav,2.0,22.0,clapping,False,76408.0,C
721,2-76408-D-22.wav,2.0,22.0,clapping,False,76408.0,D
722,2-76868-A-6.wav,2.0,6.0,hen,False,76868.0,A
723,2-77346-A-46.wav,2.0,46.0,church_bells,False,77346.0,A
724,2-77347-A-46.wav,2.0,46.0,church_bells,False,77347.0,A
725,2-77945-A-41.wav,2.0,41.0,chainsaw,True,77945.0,A
726,2-77945-B-41.wav,2.0,41.0,chainsaw,True,77945.0,B
727,2-78381-A-46.wav,2.0,46.0,church_bells,False,78381.0,A
728,2-78562-A-37.wav,2.0,37.0,clock_alarm,False,78562.0,A
729,2-78562-B-37.wav,2.0,37.0,clock_alarm,False,78562.0,B
730,2-78651-A-44.wav,2.0,44.0,engine,False,78651.0,A
731,2-78781-A-47.wav,2.0,47.0,airplane,False,78781.0,A
732,2-78799-A-47.wav,2.0,47.0,airplane,False,78799.0,A
733,2-79769-A-26.wav,2.0,26.0,laughing,False,79769.0,A
734,2-79775-A-26.wav,2.0,26.0,laughing,False,79775.0,A
735,2-80313-A-28.wav,2.0,28.0,snoring,False,80313.0,A
736,2-80482-A-20.wav,2.0,20.0,crying_baby,True,80482.0,A
737,2-80844-A-13.wav,2.0,13.0,crickets,False,80844.0,A
738,2-81112-A-34.wav,2.0,34.0,can_opening,False,81112.0,A
739,2-81190-A-34.wav,2.0,34.0,can_opening,False,81190.0,A
740,2-81270-A-1.wav,2.0,1.0,rooster,True,81270.0,A
741,2-81731-A-10.wav,2.0,10.0,rain,True,81731.0,A
742,2-81970-A-7.wav,2.0,7.0,insects,False,81970.0,A
743,2-81970-B-7.wav,2.0,7.0,insects,False,81970.0,B
744,2-81970-C-7.wav,2.0,7.0,insects,False,81970.0,C
745,2-82071-A-27.wav,2.0,27.0,brushing_teeth,False,82071.0,A
746,2-82077-A-7.wav,2.0,7.0,insects,False,82077.0,A
747,2-82274-A-5.wav,2.0,5.0,cat,False,82274.0,A
748,2-82274-B-5.wav,2.0,5.0,cat,False,82274.0,B
749,2-82367-A-10.wav,2.0,10.0,rain,True,82367.0,A
750,2-82455-A-23.wav,2.0,23.0,breathing,False,82455.0,A
751,2-82538-A-21.wav,2.0,21.0,sneezing,True,82538.0,A
752,2-83270-A-13.wav,2.0,13.0,crickets,False,83270.0,A
753,2-83536-A-27.wav,2.0,27.0,brushing_teeth,False,83536.0,A
754,2-83667-A-34.wav,2.0,34.0,can_opening,False,83667.0,A
755,2-83688-A-34.wav,2.0,34.0,can_opening,False,83688.0,A
756,2-83934-A-5.wav,2.0,5.0,cat,False,83934.0,A
757,2-83934-B-5.wav,2.0,5.0,cat,False,83934.0,B
758,2-84693-A-49.wav,2.0,49.0,hand_saw,False,84693.0,A
759,2-84943-A-18.wav,2.0,18.0,toilet_flush,False,84943.0,A
760,2-84965-A-23.wav,2.0,23.0,breathing,False,84965.0,A
761,2-85139-A-13.wav,2.0,13.0,crickets,False,85139.0,A
762,2-85292-A-24.wav,2.0,24.0,coughing,False,85292.0,A
763,2-85434-A-27.wav,2.0,27.0,brushing_teeth,False,85434.0,A
764,2-85471-A-34.wav,2.0,34.0,can_opening,False,85471.0,A
765,2-85945-A-18.wav,2.0,18.0,toilet_flush,False,85945.0,A
766,2-86160-A-27.wav,2.0,27.0,brushing_teeth,False,86160.0,A
767,2-87282-A-34.wav,2.0,34.0,can_opening,False,87282.0,A
768,2-87412-A-24.wav,2.0,24.0,coughing,False,87412.0,A
769,2-87780-A-33.wav,2.0,33.0,door_wood_creaks,False,87780.0,A
770,2-87781-A-10.wav,2.0,10.0,rain,True,87781.0,A
771,2-87794-A-24.wav,2.0,24.0,coughing,False,87794.0,A
772,2-87795-A-24.wav,2.0,24.0,coughing,False,87795.0,A
773,2-87799-A-24.wav,2.0,24.0,coughing,False,87799.0,A
774,2-88724-A-38.wav,2.0,38.0,clock_tick,True,88724.0,A
775,2-89516-A-37.wav,2.0,37.0,clock_alarm,False,89516.0,A
776,2-91912-A-33.wav,2.0,33.0,door_wood_creaks,False,91912.0,A
777,2-91912-B-33.wav,2.0,33.0,door_wood_creaks,False,91912.0,B
778,2-92627-A-27.wav,2.0,27.0,brushing_teeth,False,92627.0,A
779,2-92978-A-29.wav,2.0,29.0,drinking_sipping,False,92978.0,A
780,2-93030-A-21.wav,2.0,21.0,sneezing,True,93030.0,A
781,2-94230-A-27.wav,2.0,27.0,brushing_teeth,False,94230.0,A
782,2-94807-A-29.wav,2.0,29.0,drinking_sipping,False,94807.0,A
783,2-95035-A-1.wav,2.0,1.0,rooster,True,95035.0,A
784,2-95258-A-1.wav,2.0,1.0,rooster,True,95258.0,A
785,2-95258-B-1.wav,2.0,1.0,rooster,True,95258.0,B
786,2-95567-A-23.wav,2.0,23.0,breathing,False,95567.0,A
787,2-96033-A-13.wav,2.0,13.0,crickets,False,96033.0,A
788,2-96063-A-37.wav,2.0,37.0,clock_alarm,False,96063.0,A
789,2-96460-A-1.wav,2.0,1.0,rooster,True,96460.0,A
790,2-96654-A-47.wav,2.0,47.0,airplane,False,96654.0,A
791,2-96904-A-27.wav,2.0,27.0,brushing_teeth,False,96904.0,A
792,2-98392-A-23.wav,2.0,23.0,breathing,False,98392.0,A
793,2-98676-A-24.wav,2.0,24.0,coughing,False,98676.0,A
794,2-98866-A-47.wav,2.0,47.0,airplane,False,98866.0,A
795,2-99795-A-32.wav,2.0,32.0,keyboard_typing,False,99795.0,A
796,2-99796-A-32.wav,2.0,32.0,keyboard_typing,False,99796.0,A
797,2-99955-A-7.wav,2.0,7.0,insects,False,99955.0,A
798,2-99955-B-7.wav,2.0,7.0,insects,False,99955.0,B
799,2-99955-C-7.wav,2.0,7.0,insects,False,99955.0,C
1200,4-102844-A-49.wav,4.0,49.0,hand_saw,False,102844.0,A
1201,4-102844-B-49.wav,4.0,49.0,hand_saw,False,102844.0,B
1202,4-102844-C-49.wav,4.0,49.0,hand_saw,False,102844.0,C
1203,4-102871-A-42.wav,4.0,42.0,siren,False,102871.0,A
1204,4-107117-A-33.wav,4.0,33.0,door_wood_creaks,False,107117.0,A
1205,4-107120-A-33.wav,4.0,33.0,door_wood_creaks,False,107120.0,A
1206,4-107122-A-33.wav,4.0,33.0,door_wood_creaks,False,107122.0,A
1207,4-108352-A-33.wav,4.0,33.0,door_wood_creaks,False,108352.0,A
1208,4-111671-A-42.wav,4.0,42.0,siren,False,111671.0,A
1209,4-111671-B-42.wav,4.0,42.0,siren,False,111671.0,B
1210,4-117627-A-25.wav,4.0,25.0,footsteps,False,117627.0,A
1211,4-117630-A-25.wav,4.0,25.0,footsteps,False,117630.0,A
1212,4-119647-A-48.wav,4.0,48.0,fireworks,False,119647.0,A
1213,4-119647-B-48.wav,4.0,48.0,fireworks,False,119647.0,B
1214,4-119647-C-48.wav,4.0,48.0,fireworks,False,119647.0,C
1215,4-119647-D-48.wav,4.0,48.0,fireworks,False,119647.0,D
1216,4-119648-A-48.wav,4.0,48.0,fireworks,False,119648.0,A
1217,4-119648-B-48.wav,4.0,48.0,fireworks,False,119648.0,B
1218,4-119648-C-48.wav,4.0,48.0,fireworks,False,119648.0,C
1219,4-119648-D-48.wav,4.0,48.0,fireworks,False,119648.0,D
1220,4-119720-A-18.wav,4.0,18.0,toilet_flush,False,119720.0,A
1221,4-120160-A-5.wav,4.0,5.0,cat,False,120160.0,A
1222,4-121532-A-42.wav,4.0,42.0,siren,False,121532.0,A
1223,4-123680-A-18.wav,4.0,18.0,toilet_flush,False,123680.0,A
1224,4-125070-A-19.wav,4.0,19.0,thunderstorm,False,125070.0,A
1225,4-125071-A-19.wav,4.0,19.0,thunderstorm,False,125071.0,A
1226,4-125072-A-19.wav,4.0,19.0,thunderstorm,False,125072.0,A
1227,4-125072-B-19.wav,4.0,19.0,thunderstorm,False,125072.0,B
1228,4-125825-A-46.wav,4.0,46.0,church_bells,False,125825.0,A
1229,4-125825-B-46.wav,4.0,46.0,church_bells,False,125825.0,B
1230,4-125929-A-40.wav,4.0,40.0,helicopter,True,125929.0,A
1231,4-126046-A-18.wav,4.0,18.0,toilet_flush,False,126046.0,A
1232,4-126532-A-18.wav,4.0,18.0,toilet_flush,False,126532.0,A
1233,4-128659-A-33.wav,4.0,33.0,door_wood_creaks,False,128659.0,A
1234,4-130584-A-4.wav,4.0,4.0,frog,False,130584.0,A
1235,4-130891-A-7.wav,4.0,7.0,insects,False,130891.0,A
1236,4-132383-A-2.wav,4.0,2.0,pig,False,132383.0,A
1237,4-132383-B-2.wav,4.0,2.0,pig,False,132383.0,B
1238,4-132803-A-26.wav,4.0,26.0,laughing,False,132803.0,A
1239,4-132810-A-26.wav,4.0,26.0,laughing,False,132810.0,A
1240,4-132816-A-26.wav,4.0,26.0,laughing,False,132816.0,A
1241,4-132839-A-33.wav,4.0,33.0,door_wood_creaks,False,132839.0,A
1242,4-133047-A-5.wav,4.0,5.0,cat,False,133047.0,A
1243,4-133047-B-5.wav,4.0,5.0,cat,False,133047.0,B
1244,4-133047-C-5.wav,4.0,5.0,cat,False,133047.0,C
1245,4-133674-A-26.wav,4.0,26.0,laughing,False,133674.0,A
1246,4-133895-A-7.wav,4.0,7.0,insects,False,133895.0,A
1247,4-135439-A-18.wav,4.0,18.0,toilet_flush,False,135439.0,A
1248,4-136381-A-9.wav,4.0,9.0,crow,False,136381.0,A
1249,4-138344-A-9.wav,4.0,9.0,crow,False,138344.0,A
1250,4-140034-A-46.wav,4.0,46.0,church_bells,False,140034.0,A
1251,4-141365-A-18.wav,4.0,18.0,toilet_flush,False,141365.0,A
1252,4-143118-A-7.wav,4.0,7.0,insects,False,143118.0,A
1253,4-143118-B-7.wav,4.0,7.0,insects,False,143118.0,B
1254,4-144083-A-16.wav,4.0,16.0,wind,False,144083.0,A
1255,4-144083-B-16.wav,4.0,16.0,wind,False,144083.0,B
1256,4-144083-C-16.wav,4.0,16.0,wind,False,144083.0,C
1257,4-144085-A-16.wav,4.0,16.0,wind,False,144085.0,A
1258,4-144468-A-27.wav,4.0,27.0,brushing_teeth,False,144468.0,A
1259,4-144468-B-27.wav,4.0,27.0,brushing_teeth,False,144468.0,B
1260,4-145006-A-18.wav,4.0,18.0,toilet_flush,False,145006.0,A
1261,4-145081-A-9.wav,4.0,9.0,crow,False,145081.0,A
1262,4-146200-A-36.wav,4.0,36.0,vacuum_cleaner,False,146200.0,A
1263,4-147240-A-2.wav,4.0,2.0,pig,False,147240.0,A
1264,4-147240-B-2.wav,4.0,2.0,pig,False,147240.0,B
1265,4-147657-A-46.wav,4.0,46.0,church_bells,False,147657.0,A
1266,4-147658-A-46.wav,4.0,46.0,church_bells,False,147658.0,A
1267,4-149294-A-41.wav,4.0,41.0,chainsaw,True,149294.0,A
1268,4-149294-B-41.wav,4.0,41.0,chainsaw,True,149294.0,B
1269,4-149940-A-5.wav,4.0,5.0,cat,False,149940.0,A
1270,4-149940-B-5.wav,4.0,5.0,cat,False,149940.0,B
1271,4-150364-A-46.wav,4.0,46.0,church_bells,False,150364.0,A
1272,4-150364-B-46.wav,4.0,46.0,church_bells,False,150364.0,B
1273,4-151242-A-37.wav,4.0,37.0,clock_alarm,False,151242.0,A
1274,4-152958-A-18.wav,4.0,18.0,toilet_flush,False,152958.0,A
1275,4-152995-A-24.wav,4.0,24.0,coughing,False,152995.0,A
1276,4-154405-A-27.wav,4.0,27.0,brushing_teeth,False,154405.0,A
1277,4-154405-B-27.wav,4.0,27.0,brushing_teeth,False,154405.0,B
1278,4-154443-A-24.wav,4.0,24.0,coughing,False,154443.0,A
1279,4-154793-A-4.wav,4.0,4.0,frog,False,154793.0,A
1280,4-155650-A-24.wav,4.0,24.0,coughing,False,155650.0,A
1281,4-155650-B-24.wav,4.0,24.0,coughing,False,155650.0,B
1282,4-155670-A-26.wav,4.0,26.0,laughing,False,155670.0,A
1283,4-156227-A-9.wav,4.0,9.0,crow,False,156227.0,A
1284,4-156827-A-46.wav,4.0,46.0,church_bells,False,156827.0,A
1285,4-156843-A-21.wav,4.0,21.0,sneezing,True,156843.0,A
1286,4-156844-A-21.wav,4.0,21.0,sneezing,True,156844.0,A
1287,4-156993-A-19.wav,4.0,19.0,thunderstorm,False,156993.0,A
1288,4-157296-A-24.wav,4.0,24.0,coughing,False,157296.0,A
1289,4-157297-A-21.wav,4.0,21.0,sneezing,True,157297.0,A
1290,4-157611-A-41.wav,4.0,41.0,chainsaw,True,157611.0,A
1291,4-157611-B-41.wav,4.0,41.0,chainsaw,True,157611.0,B
1292,4-158653-A-32.wav,4.0,32.0,keyboard_typing,False,158653.0,A
1293,4-159426-A-9.wav,4.0,9.0,crow,False,159426.0,A
1294,4-159609-A-14.wav,4.0,14.0,chirping_birds,False,159609.0,A
1295,4-159609-B-14.wav,4.0,14.0,chirping_birds,False,159609.0,B
1296,4-160036-A-33.wav,4.0,33.0,door_wood_creaks,False,160036.0,A
1297,4-160036-B-33.wav,4.0,33.0,door_wood_creaks,False,160036.0,B
1298,4-160999-A-10.wav,4.0,10.0,rain,True,160999.0,A
1299,4-161099-A-47.wav,4.0,47.0,airplane,False,161099.0,A
1300,4-161099-B-47.wav,4.0,47.0,airplane,False,161099.0,B
1301,4-161100-A-47.wav,4.0,47.0,airplane,False,161100.0,A
1302,4-161103-A-47.wav,4.0,47.0,airplane,False,161103.0,A
1303,4-161105-A-47.wav,4.0,47.0,airplane,False,161105.0,A
1304,4-161105-B-47.wav,4.0,47.0,airplane,False,161105.0,B
1305,4-161127-A-10.wav,4.0,10.0,rain,True,161127.0,A
1306,4-161303-A-5.wav,4.0,5.0,cat,False,161303.0,A
1307,4-161303-B-5.wav,4.0,5.0,cat,False,161303.0,B
1308,4-161519-A-19.wav,4.0,19.0,thunderstorm,False,161519.0,A
1309,4-161579-A-40.wav,4.0,40.0,helicopter,True,161579.0,A
1310,4-161579-B-40.wav,4.0,40.0,helicopter,True,161579.0,B
1311,4-163264-A-10.wav,4.0,10.0,rain,True,163264.0,A
1312,4-163606-A-16.wav,4.0,16.0,wind,False,163606.0,A
1313,4-163608-B-16.wav,4.0,16.0,wind,False,163608.0,B
1314,4-163609-A-16.wav,4.0,16.0,wind,False,163609.0,A
1315,4-163609-B-16.wav,4.0,16.0,wind,False,163609.0,B
1316,4-163697-A-13.wav,4.0,13.0,crickets,False,163697.0,A
1317,4-164021-A-1.wav,4.0,1.0,rooster,True,164021.0,A
1318,4-164064-A-1.wav,4.0,1.0,rooster,True,164064.0,A
1319,4-164064-B-1.wav,4.0,1.0,rooster,True,164064.0,B
1320,4-164064-C-1.wav,4.0,1.0,rooster,True,164064.0,C
1321,4-164206-A-10.wav,4.0,10.0,rain,True,164206.0,A
1322,4-164243-A-26.wav,4.0,26.0,laughing,False,164243.0,A
1323,4-164661-A-12.wav,4.0,12.0,crackling_fire,True,164661.0,A
1324,4-164661-B-12.wav,4.0,12.0,crackling_fire,True,164661.0,B
1325,4-164859-A-1.wav,4.0,1.0,rooster,True,164859.0,A
1326,4-165606-A-45.wav,4.0,45.0,train,False,165606.0,A
1327,4-165791-A-45.wav,4.0,45.0,train,False,165791.0,A
1328,4-165791-B-45.wav,4.0,45.0,train,False,165791.0,B
1329,4-165813-A-19.wav,4.0,19.0,thunderstorm,False,165813.0,A
1330,4-165813-B-19.wav,4.0,19.0,thunderstorm,False,165813.0,B
1331,4-165823-A-41.wav,4.0,41.0,chainsaw,True,165823.0,A
1332,4-165823-B-41.wav,4.0,41.0,chainsaw,True,165823.0,B
1333,4-165845-A-45.wav,4.0,45.0,train,False,165845.0,A
1334,4-165845-B-45.wav,4.0,45.0,train,False,165845.0,B
1335,4-165933-A-45.wav,4.0,45.0,train,False,165933.0,A
1336,4-166661-A-10.wav,4.0,10.0,rain,True,166661.0,A
1337,4-167063-A-11.wav,4.0,11.0,sea_waves,True,167063.0,A
1338,4-167063-B-11.wav,4.0,11.0,sea_waves,True,167063.0,B
1339,4-167063-C-11.wav,4.0,11.0,sea_waves,True,167063.0,C
1340,4-167077-A-20.wav,4.0,20.0,crying_baby,True,167077.0,A
1341,4-167077-B-20.wav,4.0,20.0,crying_baby,True,167077.0,B
1342,4-167077-C-20.wav,4.0,20.0,crying_baby,True,167077.0,C
1343,4-167155-A-32.wav,4.0,32.0,keyboard_typing,False,167155.0,A
1344,4-167571-A-26.wav,4.0,26.0,laughing,False,167571.0,A
1345,4-167642-A-21.wav,4.0,21.0,sneezing,True,167642.0,A
1346,4-168155-A-15.wav,4.0,15.0,water_drops,False,168155.0,A
1347,4-168446-A-45.wav,4.0,45.0,train,False,168446.0,A
1348,4-168868-A-17.wav,4.0,17.0,pouring_water,False,168868.0,A
1349,4-169127-A-41.wav,4.0,41.0,chainsaw,True,169127.0,A
1350,4-169127-B-41.wav,4.0,41.0,chainsaw,True,169127.0,B
1351,4-169508-A-37.wav,4.0,37.0,clock_alarm,False,169508.0,A
1352,4-169726-A-24.wav,4.0,24.0,coughing,False,169726.0,A
1353,4-170078-A-1.wav,4.0,1.0,rooster,True,170078.0,A
1354,4-170247-A-12.wav,4.0,12.0,crackling_fire,True,170247.0,A
1355,4-170247-B-12.wav,4.0,12.0,crackling_fire,True,170247.0,B
1356,4-171207-A-12.wav,4.0,12.0,crackling_fire,True,171207.0,A
1357,4-171396-A-24.wav,4.0,24.0,coughing,False,171396.0,A
1358,4-171519-A-21.wav,4.0,21.0,sneezing,True,171519.0,A
1359,4-171652-A-44.wav,4.0,44.0,engine,False,171652.0,A
1360,4-171706-A-23.wav,4.0,23.0,breathing,False,171706.0,A
1361,4-171823-A-13.wav,4.0,13.0,crickets,False,171823.0,A
1362,4-172143-A-13.wav,4.0,13.0,crickets,False,172143.0,A
1363,4-172180-A-32.wav,4.0,32.0,keyboard_typing,False,172180.0,A
1364,4-172366-A-37.wav,4.0,37.0,clock_alarm,False,172366.0,A
1365,4-172377-A-17.wav,4.0,17.0,pouring_water,False,172377.0,A
1366,4-172500-A-27.wav,4.0,27.0,brushing_teeth,False,172500.0,A
1367,4-172500-B-27.wav,4.0,27.0,brushing_teeth,False,172500.0,B
1368,4-172500-C-27.wav,4.0,27.0,brushing_teeth,False,172500.0,C
1369,4-172500-D-27.wav,4.0,27.0,brushing_teeth,False,172500.0,D
1370,4-172732-A-36.wav,4.0,36.0,vacuum_cleaner,False,172732.0,A
1371,4-172733-A-36.wav,4.0,36.0,vacuum_cleaner,False,172733.0,A
1372,4-172734-A-36.wav,4.0,36.0,vacuum_cleaner,False,172734.0,A
1373,4-172736-A-36.wav,4.0,36.0,vacuum_cleaner,False,172736.0,A
1374,4-172736-B-36.wav,4.0,36.0,vacuum_cleaner,False,172736.0,B
1375,4-172742-A-32.wav,4.0,32.0,keyboard_typing,False,172742.0,A
1376,4-173865-A-9.wav,4.0,9.0,crow,False,173865.0,A
1377,4-173865-B-9.wav,4.0,9.0,crow,False,173865.0,B
1378,4-174797-A-15.wav,4.0,15.0,water_drops,False,174797.0,A
1379,4-174860-A-3.wav,4.0,3.0,cow,False,174860.0,A
1380,4-174860-B-3.wav,4.0,3.0,cow,False,174860.0,B
1381,4-175000-A-40.wav,4.0,40.0,helicopter,True,175000.0,A
1382,4-175000-B-40.wav,4.0,40.0,helicopter,True,175000.0,B
1383,4-175000-C-40.wav,4.0,40.0,helicopter,True,175000.0,C
1384,4-175025-A-34.wav,4.0,34.0,can_opening,False,175025.0,A
1385,4-175845-A-43.wav,4.0,43.0,car_horn,False,175845.0,A
1386,4-175846-A-43.wav,4.0,43.0,car_horn,False,175846.0,A
1387,4-175855-A-43.wav,4.0,43.0,car_horn,False,175855.0,A
1388,4-175856-A-43.wav,4.0,43.0,car_horn,False,175856.0,A
1389,4-175945-A-38.wav,4.0,38.0,clock_tick,True,175945.0,A
1390,4-176631-A-43.wav,4.0,43.0,car_horn,False,176631.0,A
1391,4-176638-A-43.wav,4.0,43.0,car_horn,False,176638.0,A
1392,4-176914-A-23.wav,4.0,23.0,breathing,False,176914.0,A
1393,4-177243-A-32.wav,4.0,32.0,keyboard_typing,False,177243.0,A
1394,4-177250-A-10.wav,4.0,10.0,rain,True,177250.0,A
1395,4-177835-A-24.wav,4.0,24.0,coughing,False,177835.0,A
1396,4-178402-A-43.wav,4.0,43.0,car_horn,False,178402.0,A
1397,4-178881-A-45.wav,4.0,45.0,train,False,178881.0,A
1398,4-179836-A-34.wav,4.0,34.0,can_opening,False,179836.0,A
1399,4-179984-A-38.wav,4.0,38.0,clock_tick,True,179984.0,A
1400,4-180337-A-28.wav,4.0,28.0,snoring,False,180337.0,A
1401,4-180380-A-10.wav,4.0,10.0,rain,True,180380.0,A
1402,4-180453-A-17.wav,4.0,17.0,pouring_water,False,180453.0,A
1403,4-181035-A-38.wav,4.0,38.0,clock_tick,True,181035.0,A
1404,4-181286-A-10.wav,4.0,10.0,rain,True,181286.0,A
1405,4-181362-A-13.wav,4.0,13.0,crickets,False,181362.0,A
1406,4-181563-A-12.wav,4.0,12.0,crackling_fire,True,181563.0,A
1407,4-181599-A-26.wav,4.0,26.0,laughing,False,181599.0,A
1408,4-181628-A-17.wav,4.0,17.0,pouring_water,False,181628.0,A
1409,4-181707-A-32.wav,4.0,32.0,keyboard_typing,False,181707.0,A
1410,4-181708-A-32.wav,4.0,32.0,keyboard_typing,False,181708.0,A
1411,4-181865-A-38.wav,4.0,38.0,clock_tick,True,181865.0,A
1412,4-181955-A-3.wav,4.0,3.0,cow,False,181955.0,A
1413,4-181955-B-3.wav,4.0,3.0,cow,False,181955.0,B
1414,4-181955-C-3.wav,4.0,3.0,cow,False,181955.0,C
1415,4-181999-A-36.wav,4.0,36.0,vacuum_cleaner,False,181999.0,A
1416,4-182034-A-30.wav,4.0,30.0,door_wood_knock,False,182034.0,A
1417,4-182039-A-30.wav,4.0,30.0,door_wood_knock,False,182039.0,A
1418,4-182041-A-30.wav,4.0,30.0,door_wood_knock,False,182041.0,A
1419,4-182314-A-7.wav,4.0,7.0,insects,False,182314.0,A
1420,4-182314-B-7.wav,4.0,7.0,insects,False,182314.0,B
1421,4-182368-A-12.wav,4.0,12.0,crackling_fire,True,182368.0,A
1422,4-182369-A-12.wav,4.0,12.0,crackling_fire,True,182369.0,A
1423,4-182395-A-0.wav,4.0,0.0,dog,True,182395.0,A
1424,4-182613-A-11.wav,4.0,11.0,sea_waves,True,182613.0,A
1425,4-182613-B-11.wav,4.0,11.0,sea_waves,True,182613.0,B
1426,4-182795-A-14.wav,4.0,14.0,chirping_birds,False,182795.0,A
1427,4-182839-A-17.wav,4.0,17.0,pouring_water,False,182839.0,A
1428,4-183487-A-1.wav,4.0,1.0,rooster,True,183487.0,A
1429,4-183882-A-28.wav,4.0,28.0,snoring,False,183882.0,A
1430,4-183882-B-28.wav,4.0,28.0,snoring,False,183882.0,B
1431,4-183992-A-0.wav,4.0,0.0,dog,True,183992.0,A
1432,4-184235-A-28.wav,4.0,28.0,snoring,False,184235.0,A
1433,4-184237-A-28.wav,4.0,28.0,snoring,False,184237.0,A
1434,4-184434-A-21.wav,4.0,21.0,sneezing,True,184434.0,A
1435,4-184575-A-0.wav,4.0,0.0,dog,True,184575.0,A
1436,4-185415-A-21.wav,4.0,21.0,sneezing,True,185415.0,A
1437,4-185575-A-20.wav,4.0,20.0,crying_baby,True,185575.0,A
1438,4-185575-B-20.wav,4.0,20.0,crying_baby,True,185575.0,B
1439,4-185575-C-20.wav,4.0,20.0,crying_baby,True,185575.0,C
1440,4-185613-A-32.wav,4.0,32.0,keyboard_typing,False,185613.0,A
1441,4-185619-A-21.wav,4.0,21.0,sneezing,True,185619.0,A
1442,4-186518-A-30.wav,4.0,30.0,door_wood_knock,False,186518.0,A
1443,4-186693-A-17.wav,4.0,17.0,pouring_water,False,186693.0,A
1444,4-186935-A-44.wav,4.0,44.0,engine,False,186935.0,A
1445,4-186936-A-44.wav,4.0,44.0,engine,False,186936.0,A
1446,4-186938-A-44.wav,4.0,44.0,engine,False,186938.0,A
1447,4-186940-A-44.wav,4.0,44.0,engine,False,186940.0,A
1448,4-186962-A-44.wav,4.0,44.0,engine,False,186962.0,A
1449,4-187284-A-30.wav,4.0,30.0,door_wood_knock,False,187284.0,A
1450,4-187384-A-34.wav,4.0,34.0,can_opening,False,187384.0,A
1451,4-187504-A-17.wav,4.0,17.0,pouring_water,False,187504.0,A
1452,4-187504-B-17.wav,4.0,17.0,pouring_water,False,187504.0,B
1453,4-187769-A-14.wav,4.0,14.0,chirping_birds,False,187769.0,A
1454,4-187769-B-14.wav,4.0,14.0,chirping_birds,False,187769.0,B
1455,4-188003-A-34.wav,4.0,34.0,can_opening,False,188003.0,A
1456,4-188033-A-38.wav,4.0,38.0,clock_tick,True,188033.0,A
1457,4-188191-A-29.wav,4.0,29.0,drinking_sipping,False,188191.0,A
1458,4-188191-B-29.wav,4.0,29.0,drinking_sipping,False,188191.0,B
1459,4-188191-C-29.wav,4.0,29.0,drinking_sipping,False,188191.0,C
1460,4-188287-A-9.wav,4.0,9.0,crow,False,188287.0,A
1461,4-188293-A-15.wav,4.0,15.0,water_drops,False,188293.0,A
1462,4-188293-B-15.wav,4.0,15.0,water_drops,False,188293.0,B
1463,4-188595-A-29.wav,4.0,29.0,drinking_sipping,False,188595.0,A
1464,4-188703-A-8.wav,4.0,8.0,sheep,False,188703.0,A
1465,4-188703-B-8.wav,4.0,8.0,sheep,False,188703.0,B
1466,4-188703-C-8.wav,4.0,8.0,sheep,False,188703.0,C
1467,4-188703-D-8.wav,4.0,8.0,sheep,False,188703.0,D
1468,4-188878-A-30.wav,4.0,30.0,door_wood_knock,False,188878.0,A
1469,4-189332-A-37.wav,4.0,37.0,clock_alarm,False,189332.0,A
1470,4-189828-A-22.wav,4.0,22.0,clapping,False,189828.0,A
1471,4-189830-A-22.wav,4.0,22.0,clapping,False,189830.0,A
1472,4-189832-A-22.wav,4.0,22.0,clapping,False,189832.0,A
1473,4-189832-B-22.wav,4.0,22.0,clapping,False,189832.0,B
1474,4-189833-A-22.wav,4.0,22.0,clapping,False,189833.0,A
1475,4-189836-A-22.wav,4.0,22.0,clapping,False,189836.0,A
1476,4-189838-A-22.wav,4.0,22.0,clapping,False,189838.0,A
1477,4-191015-A-43.wav,4.0,43.0,car_horn,False,191015.0,A
1478,4-191246-A-7.wav,4.0,7.0,insects,False,191246.0,A
1479,4-191246-B-7.wav,4.0,7.0,insects,False,191246.0,B
1480,4-191297-A-28.wav,4.0,28.0,snoring,False,191297.0,A
1481,4-191327-A-38.wav,4.0,38.0,clock_tick,True,191327.0,A
1482,4-191687-A-0.wav,4.0,0.0,dog,True,191687.0,A
1483,4-192068-A-31.wav,4.0,31.0,mouse_click,False,192068.0,A
1484,4-192236-A-0.wav,4.0,0.0,dog,True,192236.0,A
1485,4-193480-A-40.wav,4.0,40.0,helicopter,True,193480.0,A
1486,4-193480-B-40.wav,4.0,40.0,helicopter,True,193480.0,B
1487,4-194246-A-13.wav,4.0,13.0,crickets,False,194246.0,A
1488,4-194680-A-36.wav,4.0,36.0,vacuum_cleaner,False,194680.0,A
1489,4-194711-A-38.wav,4.0,38.0,clock_tick,True,194711.0,A
1490,4-194754-A-0.wav,4.0,0.0,dog,True,194754.0,A
1491,4-194808-A-29.wav,4.0,29.0,drinking_sipping,False,194808.0,A
1492,4-194979-A-25.wav,4.0,25.0,footsteps,False,194979.0,A
1493,4-194981-A-25.wav,4.0,25.0,footsteps,False,194981.0,A
1494,4-195305-A-31.wav,4.0,31.0,mouse_click,False,195305.0,A
1495,4-195451-A-44.wav,4.0,44.0,engine,False,195451.0,A
1496,4-195497-A-11.wav,4.0,11.0,sea_waves,True,195497.0,A
1497,4-195497-B-11.wav,4.0,11.0,sea_waves,True,195497.0,B
1498,4-195707-A-13.wav,4.0,13.0,crickets,False,195707.0,A
1499,4-195805-A-13.wav,4.0,13.0,crickets,False,195805.0,A
1500,4-196671-A-8.wav,4.0,8.0,sheep,False,196671.0,A
1501,4-196671-B-8.wav,4.0,8.0,sheep,False,196671.0,B
1502,4-196672-A-8.wav,4.0,8.0,sheep,False,196672.0,A
1503,4-197103-A-6.wav,4.0,6.0,hen,False,197103.0,A
1504,4-197454-A-28.wav,4.0,28.0,snoring,False,197454.0,A
1505,4-197454-B-28.wav,4.0,28.0,snoring,False,197454.0,B
1506,4-197871-A-15.wav,4.0,15.0,water_drops,False,197871.0,A
1507,4-198025-A-23.wav,4.0,23.0,breathing,False,198025.0,A
1508,4-198360-A-49.wav,4.0,49.0,hand_saw,False,198360.0,A
1509,4-198360-B-49.wav,4.0,49.0,hand_saw,False,198360.0,B
1510,4-198360-C-49.wav,4.0,49.0,hand_saw,False,198360.0,C
1511,4-198841-A-37.wav,4.0,37.0,clock_alarm,False,198841.0,A
1512,4-198962-A-25.wav,4.0,25.0,footsteps,False,198962.0,A
1513,4-198962-B-25.wav,4.0,25.0,footsteps,False,198962.0,B
1514,4-198965-A-38.wav,4.0,38.0,clock_tick,True,198965.0,A
1515,4-199261-A-0.wav,4.0,0.0,dog,True,199261.0,A
1516,4-200330-A-6.wav,4.0,6.0,hen,False,200330.0,A
1517,4-200330-B-6.wav,4.0,6.0,hen,False,200330.0,B
1518,4-201300-A-31.wav,4.0,31.0,mouse_click,False,201300.0,A
1519,4-201800-A-31.wav,4.0,31.0,mouse_click,False,201800.0,A
1520,4-201988-A-44.wav,4.0,44.0,engine,False,201988.0,A
1521,4-202298-A-31.wav,4.0,31.0,mouse_click,False,202298.0,A
1522,4-202749-A-13.wav,4.0,13.0,crickets,False,202749.0,A
1523,4-204115-A-39.wav,4.0,39.0,glass_breaking,False,204115.0,A
1524,4-204119-A-39.wav,4.0,39.0,glass_breaking,False,204119.0,A
1525,4-204121-A-39.wav,4.0,39.0,glass_breaking,False,204121.0,A
1526,4-204123-A-39.wav,4.0,39.0,glass_breaking,False,204123.0,A
1527,4-204202-A-29.wav,4.0,29.0,drinking_sipping,False,204202.0,A
1528,4-204612-A-31.wav,4.0,31.0,mouse_click,False,204612.0,A
1529,4-204618-A-11.wav,4.0,11.0,sea_waves,True,204618.0,A
1530,4-204683-A-31.wav,4.0,31.0,mouse_click,False,204683.0,A
1531,4-204684-A-37.wav,4.0,37.0,clock_alarm,False,204684.0,A
1532,4-204777-A-39.wav,4.0,39.0,glass_breaking,False,204777.0,A
1533,4-204777-B-39.wav,4.0,39.0,glass_breaking,False,204777.0,B
1534,4-204777-C-39.wav,4.0,39.0,glass_breaking,False,204777.0,C
1535,4-204830-A-6.wav,4.0,6.0,hen,False,204830.0,A
1536,4-205526-A-23.wav,4.0,23.0,breathing,False,205526.0,A
1537,4-205526-B-23.wav,4.0,23.0,breathing,False,205526.0,B
1538,4-205738-A-22.wav,4.0,22.0,clapping,False,205738.0,A
1539,4-207116-A-23.wav,4.0,23.0,breathing,False,207116.0,A
1540,4-207124-A-0.wav,4.0,0.0,dog,True,207124.0,A
1541,4-208021-A-1.wav,4.0,1.0,rooster,True,208021.0,A
1542,4-209536-A-37.wav,4.0,37.0,clock_alarm,False,209536.0,A
1543,4-209698-A-37.wav,4.0,37.0,clock_alarm,False,209698.0,A
1544,4-210000-A-23.wav,4.0,23.0,breathing,False,210000.0,A
1545,4-210000-B-23.wav,4.0,23.0,breathing,False,210000.0,B
1546,4-210309-A-31.wav,4.0,31.0,mouse_click,False,210309.0,A
1547,4-210593-A-29.wav,4.0,29.0,drinking_sipping,False,210593.0,A
1548,4-211502-A-30.wav,4.0,30.0,door_wood_knock,False,211502.0,A
1549,4-212604-A-15.wav,4.0,15.0,water_drops,False,212604.0,A
1550,4-212604-B-15.wav,4.0,15.0,water_drops,False,212604.0,B
1551,4-212604-C-15.wav,4.0,15.0,water_drops,False,212604.0,C
1552,4-212698-A-39.wav,4.0,39.0,glass_breaking,False,212698.0,A
1553,4-212728-A-34.wav,4.0,34.0,can_opening,False,212728.0,A
1554,4-213193-A-29.wav,4.0,29.0,drinking_sipping,False,213193.0,A
1555,4-213915-A-3.wav,4.0,3.0,cow,False,213915.0,A
1556,4-213915-B-3.wav,4.0,3.0,cow,False,213915.0,B
1557,4-213915-C-3.wav,4.0,3.0,cow,False,213915.0,C
1558,4-215635-A-34.wav,4.0,34.0,can_opening,False,215635.0,A
1559,4-216211-A-14.wav,4.0,14.0,chirping_birds,False,216211.0,A
1560,4-216349-A-34.wav,4.0,34.0,can_opening,False,216349.0,A
1561,4-218199-A-35.wav,4.0,35.0,washing_machine,False,218199.0,A
1562,4-218199-B-35.wav,4.0,35.0,washing_machine,False,218199.0,B
1563,4-218199-C-35.wav,4.0,35.0,washing_machine,False,218199.0,C
1564,4-218199-D-35.wav,4.0,35.0,washing_machine,False,218199.0,D
1565,4-218199-E-35.wav,4.0,35.0,washing_machine,False,218199.0,E
1566,4-218199-F-35.wav,4.0,35.0,washing_machine,False,218199.0,F
1567,4-218199-G-35.wav,4.0,35.0,washing_machine,False,218199.0,G
1568,4-218199-H-35.wav,4.0,35.0,washing_machine,False,218199.0,H
1569,4-218304-A-25.wav,4.0,25.0,footsteps,False,218304.0,A
1570,4-218304-B-25.wav,4.0,25.0,footsteps,False,218304.0,B
1571,4-223125-A-14.wav,4.0,14.0,chirping_birds,False,223125.0,A
1572,4-223127-A-14.wav,4.0,14.0,chirping_birds,False,223127.0,A
1573,4-232495-A-6.wav,4.0,6.0,hen,False,232495.0,A
1574,4-234644-A-2.wav,4.0,2.0,pig,False,234644.0,A
1575,4-234879-A-6.wav,4.0,6.0,hen,False,234879.0,A
1576,4-244318-A-6.wav,4.0,6.0,hen,False,244318.0,A
1577,4-250864-A-8.wav,4.0,8.0,sheep,False,250864.0,A
1578,4-250869-A-2.wav,4.0,2.0,pig,False,250869.0,A
1579,4-250869-B-2.wav,4.0,2.0,pig,False,250869.0,B
1580,4-250869-C-2.wav,4.0,2.0,pig,False,250869.0,C
1581,4-251645-A-49.wav,4.0,49.0,hand_saw,False,251645.0,A
1582,4-251645-B-49.wav,4.0,49.0,hand_saw,False,251645.0,B
1583,4-251959-A-47.wav,4.0,47.0,airplane,False,251959.0,A
1584,4-253649-A-6.wav,4.0,6.0,hen,False,253649.0,A
1585,4-255371-A-47.wav,4.0,47.0,airplane,False,255371.0,A
1586,4-261068-A-30.wav,4.0,30.0,door_wood_knock,False,261068.0,A
1587,4-264453-A-34.wav,4.0,34.0,can_opening,False,264453.0,A
1588,4-59579-A-20.wav,4.0,20.0,crying_baby,True,59579.0,A
1589,4-59579-B-20.wav,4.0,20.0,crying_baby,True,59579.0,B
1590,4-67358-A-42.wav,4.0,42.0,siren,False,67358.0,A
1591,4-80761-A-42.wav,4.0,42.0,siren,False,80761.0,A
1592,4-90014-A-42.wav,4.0,42.0,siren,False,90014.0,A
1593,4-90014-B-42.wav,4.0,42.0,siren,False,90014.0,B
1594,4-99193-A-4.wav,4.0,4.0,frog,False,99193.0,A
1595,4-99193-B-4.wav,4.0,4.0,frog,False,99193.0,B
1596,4-99644-A-4.wav,4.0,4.0,frog,False,99644.0,A
1597,4-99644-B-4.wav,4.0,4.0,frog,False,99644.0,B
1598,4-99644-C-4.wav,4.0,4.0,frog,False,99644.0,C
1599,4-99644-D-4.wav,4.0,4.0,frog,False,99644.0,D
1600,5-103415-A-2.wav,5.0,2.0,pig,False,103415.0,A
1601,5-103416-A-2.wav,5.0,2.0,pig,False,103416.0,A
1602,5-103418-A-2.wav,5.0,2.0,pig,False,103418.0,A
1603,5-103420-A-2.wav,5.0,2.0,pig,False,103420.0,A
1604,5-103421-A-2.wav,5.0,2.0,pig,False,103421.0,A
1605,5-103422-A-2.wav,5.0,2.0,pig,False,103422.0,A
1606,5-117118-A-42.wav,5.0,42.0,siren,False,117118.0,A
1607,5-117120-A-42.wav,5.0,42.0,siren,False,117120.0,A
1608,5-117122-A-42.wav,5.0,42.0,siren,False,117122.0,A
1609,5-117250-A-2.wav,5.0,2.0,pig,False,117250.0,A
1610,5-117773-A-16.wav,5.0,16.0,wind,False,117773.0,A
1611,5-127990-A-2.wav,5.0,2.0,pig,False,127990.0,A
1612,5-133989-A-42.wav,5.0,42.0,siren,False,133989.0,A
1613,5-133989-B-42.wav,5.0,42.0,siren,False,133989.0,B
1614,5-141683-A-35.wav,5.0,35.0,washing_machine,False,141683.0,A
1615,5-147297-A-27.wav,5.0,27.0,brushing_teeth,False,147297.0,A
1616,5-150409-A-42.wav,5.0,42.0,siren,False,150409.0,A
1617,5-151085-A-20.wav,5.0,20.0,crying_baby,True,151085.0,A
1618,5-156026-A-4.wav,5.0,4.0,frog,False,156026.0,A
1619,5-156026-B-4.wav,5.0,4.0,frog,False,156026.0,B
1620,5-156026-C-4.wav,5.0,4.0,frog,False,156026.0,C
1621,5-156026-D-4.wav,5.0,4.0,frog,False,156026.0,D
1622,5-156698-A-18.wav,5.0,18.0,toilet_flush,False,156698.0,A
1623,5-156999-A-19.wav,5.0,19.0,thunderstorm,False,156999.0,A
1624,5-156999-B-19.wav,5.0,19.0,thunderstorm,False,156999.0,B
1625,5-156999-C-19.wav,5.0,19.0,thunderstorm,False,156999.0,C
1626,5-156999-D-19.wav,5.0,19.0,thunderstorm,False,156999.0,D
1627,5-156999-E-19.wav,5.0,19.0,thunderstorm,False,156999.0,E
1628,5-157204-A-16.wav,5.0,16.0,wind,False,157204.0,A
1629,5-157204-B-16.wav,5.0,16.0,wind,False,157204.0,B
1630,5-160551-A-42.wav,5.0,42.0,siren,False,160551.0,A
1631,5-160614-A-48.wav,5.0,48.0,fireworks,False,160614.0,A
1632,5-160614-B-48.wav,5.0,48.0,fireworks,False,160614.0,B
1633,5-160614-C-48.wav,5.0,48.0,fireworks,False,160614.0,C
1634,5-160614-D-48.wav,5.0,48.0,fireworks,False,160614.0,D
1635,5-160614-E-48.wav,5.0,48.0,fireworks,False,160614.0,E
1636,5-160614-F-48.wav,5.0,48.0,fireworks,False,160614.0,F
1637,5-160614-G-48.wav,5.0,48.0,fireworks,False,160614.0,G
1638,5-160614-H-48.wav,5.0,48.0,fireworks,False,160614.0,H
1639,5-161270-A-33.wav,5.0,33.0,door_wood_creaks,False,161270.0,A
1640,5-161270-B-33.wav,5.0,33.0,door_wood_creaks,False,161270.0,B
1641,5-169983-A-5.wav,5.0,5.0,cat,False,169983.0,A
1642,5-170338-A-41.wav,5.0,41.0,chainsaw,True,170338.0,A
1643,5-170338-B-41.wav,5.0,41.0,chainsaw,True,170338.0,B
1644,5-171118-A-26.wav,5.0,26.0,laughing,False,171118.0,A
1645,5-171653-A-41.wav,5.0,41.0,chainsaw,True,171653.0,A
1646,5-172299-A-5.wav,5.0,5.0,cat,False,172299.0,A
1647,5-172639-A-5.wav,5.0,5.0,cat,False,172639.0,A
1648,5-173568-A-33.wav,5.0,33.0,door_wood_creaks,False,173568.0,A
1649,5-177034-A-18.wav,5.0,18.0,toilet_flush,False,177034.0,A
1650,5-177614-A-5.wav,5.0,5.0,cat,False,177614.0,A
1651,5-177779-A-33.wav,5.0,33.0,door_wood_creaks,False,177779.0,A
1652,5-177957-A-40.wav,5.0,40.0,helicopter,True,177957.0,A
1653,5-177957-B-40.wav,5.0,40.0,helicopter,True,177957.0,B
1654,5-177957-C-40.wav,5.0,40.0,helicopter,True,177957.0,C
1655,5-177957-D-40.wav,5.0,40.0,helicopter,True,177957.0,D
1656,5-177957-E-40.wav,5.0,40.0,helicopter,True,177957.0,E
1657,5-178997-A-24.wav,5.0,24.0,coughing,False,178997.0,A
1658,5-179294-A-46.wav,5.0,46.0,church_bells,False,179294.0,A
1659,5-179496-A-16.wav,5.0,16.0,wind,False,179496.0,A
1660,5-179496-B-16.wav,5.0,16.0,wind,False,179496.0,B
1661,5-179860-A-43.wav,5.0,43.0,car_horn,False,179860.0,A
1662,5-179863-A-43.wav,5.0,43.0,car_horn,False,179863.0,A
1663,5-179865-A-43.wav,5.0,43.0,car_horn,False,179865.0,A
1664,5-179866-A-43.wav,5.0,43.0,car_horn,False,179866.0,A
1665,5-179868-A-43.wav,5.0,43.0,car_horn,False,179868.0,A
1666,5-180156-A-43.wav,5.0,43.0,car_horn,False,180156.0,A
1667,5-180156-B-43.wav,5.0,43.0,car_horn,False,180156.0,B
1668,5-180156-C-43.wav,5.0,43.0,car_horn,False,180156.0,C
1669,5-180229-A-27.wav,5.0,27.0,brushing_teeth,False,180229.0,A
1670,5-181458-A-33.wav,5.0,33.0,door_wood_creaks,False,181458.0,A
1671,5-181766-A-10.wav,5.0,10.0,rain,True,181766.0,A
1672,5-181977-A-35.wav,5.0,35.0,washing_machine,False,181977.0,A
1673,5-182007-A-36.wav,5.0,36.0,vacuum_cleaner,False,182007.0,A
1674,5-182010-A-36.wav,5.0,36.0,vacuum_cleaner,False,182010.0,A
1675,5-182012-A-36.wav,5.0,36.0,vacuum_cleaner,False,182012.0,A
1676,5-182404-A-18.wav,5.0,18.0,toilet_flush,False,182404.0,A
1677,5-184323-A-42.wav,5.0,42.0,siren,False,184323.0,A
1678,5-184871-A-24.wav,5.0,24.0,coughing,False,184871.0,A
1679,5-185516-A-27.wav,5.0,27.0,brushing_teeth,False,185516.0,A
1680,5-185579-A-41.wav,5.0,41.0,chainsaw,True,185579.0,A
1681,5-185579-B-41.wav,5.0,41.0,chainsaw,True,185579.0,B
1682,5-185908-A-18.wav,5.0,18.0,toilet_flush,False,185908.0,A
1683,5-186924-A-12.wav,5.0,12.0,crackling_fire,True,186924.0,A
1684,5-187201-A-4.wav,5.0,4.0,frog,False,187201.0,A
1685,5-187201-B-4.wav,5.0,4.0,frog,False,187201.0,B
1686,5-187444-A-33.wav,5.0,33.0,door_wood_creaks,False,187444.0,A
1687,5-187979-A-21.wav,5.0,21.0,sneezing,True,187979.0,A
1688,5-188365-A-36.wav,5.0,36.0,vacuum_cleaner,False,188365.0,A
1689,5-188495-A-19.wav,5.0,19.0,thunderstorm,False,188495.0,A
1690,5-188606-A-33.wav,5.0,33.0,door_wood_creaks,False,188606.0,A
1691,5-188655-A-10.wav,5.0,10.0,rain,True,188655.0,A
1692,5-188716-A-46.wav,5.0,46.0,church_bells,False,188716.0,A
1693,5-188796-A-45.wav,5.0,45.0,train,False,188796.0,A
1694,5-188945-A-45.wav,5.0,45.0,train,False,188945.0,A
1695,5-189212-A-12.wav,5.0,12.0,crackling_fire,True,189212.0,A
1696,5-189237-A-12.wav,5.0,12.0,crackling_fire,True,189237.0,A
1697,5-189795-A-4.wav,5.0,4.0,frog,False,189795.0,A
1698,5-191131-A-40.wav,5.0,40.0,helicopter,True,191131.0,A
1699,5-191497-A-33.wav,5.0,33.0,door_wood_creaks,False,191497.0,A
1700,5-192191-A-19.wav,5.0,19.0,thunderstorm,False,192191.0,A
1701,5-193339-A-10.wav,5.0,10.0,rain,True,193339.0,A
1702,5-193473-A-12.wav,5.0,12.0,crackling_fire,True,193473.0,A
1703,5-193473-B-12.wav,5.0,12.0,crackling_fire,True,193473.0,B
1704,5-194533-A-21.wav,5.0,21.0,sneezing,True,194533.0,A
1705,5-194892-A-10.wav,5.0,10.0,rain,True,194892.0,A
1706,5-194899-A-3.wav,5.0,3.0,cow,False,194899.0,A
1707,5-194899-B-3.wav,5.0,3.0,cow,False,194899.0,B
1708,5-194899-C-3.wav,5.0,3.0,cow,False,194899.0,C
1709,5-194899-D-3.wav,5.0,3.0,cow,False,194899.0,D
1710,5-194930-A-1.wav,5.0,1.0,rooster,True,194930.0,A
1711,5-194930-B-1.wav,5.0,1.0,rooster,True,194930.0,B
1712,5-194932-A-7.wav,5.0,7.0,insects,False,194932.0,A
1713,5-195517-A-7.wav,5.0,7.0,insects,False,195517.0,A
1714,5-195518-A-7.wav,5.0,7.0,insects,False,195518.0,A
1715,5-195557-A-19.wav,5.0,19.0,thunderstorm,False,195557.0,A
1716,5-195710-A-10.wav,5.0,10.0,rain,True,195710.0,A
1717,5-197118-A-45.wav,5.0,45.0,train,False,197118.0,A
1718,5-197121-A-45.wav,5.0,45.0,train,False,197121.0,A
1719,5-197121-B-45.wav,5.0,45.0,train,False,197121.0,B
1720,5-197446-A-7.wav,5.0,7.0,insects,False,197446.0,A
1721,5-197913-A-18.wav,5.0,18.0,toilet_flush,False,197913.0,A
1722,5-197988-A-46.wav,5.0,46.0,church_bells,False,197988.0,A
1723,5-198278-A-7.wav,5.0,7.0,insects,False,198278.0,A
1724,5-198278-B-7.wav,5.0,7.0,insects,False,198278.0,B
1725,5-198278-C-7.wav,5.0,7.0,insects,False,198278.0,C
1726,5-198321-A-10.wav,5.0,10.0,rain,True,198321.0,A
1727,5-198373-A-46.wav,5.0,46.0,church_bells,False,198373.0,A
1728,5-198411-A-20.wav,5.0,20.0,crying_baby,True,198411.0,A
1729,5-198411-B-20.wav,5.0,20.0,crying_baby,True,198411.0,B
1730,5-198411-C-20.wav,5.0,20.0,crying_baby,True,198411.0,C
1731,5-198411-D-20.wav,5.0,20.0,crying_baby,True,198411.0,D
1732,5-198411-E-20.wav,5.0,20.0,crying_baby,True,198411.0,E
1733,5-198411-F-20.wav,5.0,20.0,crying_baby,True,198411.0,F
1734,5-198411-G-20.wav,5.0,20.0,crying_baby,True,198411.0,G
1735,5-198600-A-45.wav,5.0,45.0,train,False,198600.0,A
1736,5-198891-A-8.wav,5.0,8.0,sheep,False,198891.0,A
1737,5-198891-B-8.wav,5.0,8.0,sheep,False,198891.0,B
1738,5-198891-C-8.wav,5.0,8.0,sheep,False,198891.0,C
1739,5-198891-D-8.wav,5.0,8.0,sheep,False,198891.0,D
1740,5-199284-A-45.wav,5.0,45.0,train,False,199284.0,A
1741,5-199284-B-45.wav,5.0,45.0,train,False,199284.0,B
1742,5-200329-A-8.wav,5.0,8.0,sheep,False,200329.0,A
1743,5-200329-B-8.wav,5.0,8.0,sheep,False,200329.0,B
1744,5-200329-C-8.wav,5.0,8.0,sheep,False,200329.0,C
1745,5-200334-A-1.wav,5.0,1.0,rooster,True,200334.0,A
1746,5-200334-B-1.wav,5.0,1.0,rooster,True,200334.0,B
1747,5-200339-A-1.wav,5.0,1.0,rooster,True,200339.0,A
1748,5-200461-A-11.wav,5.0,11.0,sea_waves,True,200461.0,A
1749,5-200461-B-11.wav,5.0,11.0,sea_waves,True,200461.0,B
1750,5-201170-A-46.wav,5.0,46.0,church_bells,False,201170.0,A
1751,5-201172-A-46.wav,5.0,46.0,church_bells,False,201172.0,A
1752,5-201194-A-38.wav,5.0,38.0,clock_tick,True,201194.0,A
1753,5-201274-A-21.wav,5.0,21.0,sneezing,True,201274.0,A
1754,5-201664-A-18.wav,5.0,18.0,toilet_flush,False,201664.0,A
1755,5-202020-A-18.wav,5.0,18.0,toilet_flush,False,202020.0,A
1756,5-202220-A-21.wav,5.0,21.0,sneezing,True,202220.0,A
1757,5-202540-A-18.wav,5.0,18.0,toilet_flush,False,202540.0,A
1758,5-202795-A-3.wav,5.0,3.0,cow,False,202795.0,A
1759,5-202898-A-10.wav,5.0,10.0,rain,True,202898.0,A
1760,5-203128-A-0.wav,5.0,0.0,dog,True,203128.0,A
1761,5-203128-B-0.wav,5.0,0.0,dog,True,203128.0,B
1762,5-203739-A-10.wav,5.0,10.0,rain,True,203739.0,A
1763,5-204114-A-29.wav,5.0,29.0,drinking_sipping,False,204114.0,A
1764,5-204352-A-13.wav,5.0,13.0,crickets,False,204352.0,A
1765,5-204352-B-13.wav,5.0,13.0,crickets,False,204352.0,B
1766,5-204604-A-24.wav,5.0,24.0,coughing,False,204604.0,A
1767,5-204741-A-46.wav,5.0,46.0,church_bells,False,204741.0,A
1768,5-205090-A-32.wav,5.0,32.0,keyboard_typing,False,205090.0,A
1769,5-205589-A-17.wav,5.0,17.0,pouring_water,False,205589.0,A
1770,5-205589-B-17.wav,5.0,17.0,pouring_water,False,205589.0,B
1771,5-205898-A-40.wav,5.0,40.0,helicopter,True,205898.0,A
1772,5-207681-A-24.wav,5.0,24.0,coughing,False,207681.0,A
1773,5-207781-A-17.wav,5.0,17.0,pouring_water,False,207781.0,A
1774,5-207811-A-35.wav,5.0,35.0,washing_machine,False,207811.0,A
1775,5-207811-B-35.wav,5.0,35.0,washing_machine,False,207811.0,B
1776,5-207836-A-29.wav,5.0,29.0,drinking_sipping,False,207836.0,A
1777,5-207836-B-29.wav,5.0,29.0,drinking_sipping,False,207836.0,B
1778,5-207836-C-29.wav,5.0,29.0,drinking_sipping,False,207836.0,C
1779,5-207836-D-29.wav,5.0,29.0,drinking_sipping,False,207836.0,D
1780,5-208030-A-0.wav,5.0,0.0,dog,True,208030.0,A
1781,5-208624-A-38.wav,5.0,38.0,clock_tick,True,208624.0,A
1782,5-208761-A-24.wav,5.0,24.0,coughing,False,208761.0,A
1783,5-208810-A-11.wav,5.0,11.0,sea_waves,True,208810.0,A
1784,5-208810-B-11.wav,5.0,11.0,sea_waves,True,208810.0,B
1785,5-209698-A-38.wav,5.0,38.0,clock_tick,True,209698.0,A
1786,5-209719-A-24.wav,5.0,24.0,coughing,False,209719.0,A
1787,5-209833-A-38.wav,5.0,38.0,clock_tick,True,209833.0,A
1788,5-209989-A-22.wav,5.0,22.0,clapping,False,209989.0,A
1789,5-209992-A-44.wav,5.0,44.0,engine,False,209992.0,A
1790,5-209992-B-44.wav,5.0,44.0,engine,False,209992.0,B
1791,5-210540-A-13.wav,5.0,13.0,crickets,False,210540.0,A
1792,5-210571-A-38.wav,5.0,38.0,clock_tick,True,210571.0,A
1793,5-210612-A-37.wav,5.0,37.0,clock_alarm,False,210612.0,A
1794,5-211197-A-24.wav,5.0,24.0,coughing,False,211197.0,A
1795,5-211408-A-37.wav,5.0,37.0,clock_alarm,False,211408.0,A
1796,5-212050-A-27.wav,5.0,27.0,brushing_teeth,False,212050.0,A
1797,5-212054-A-36.wav,5.0,36.0,vacuum_cleaner,False,212054.0,A
1798,5-212059-A-36.wav,5.0,36.0,vacuum_cleaner,False,212059.0,A
1799,5-212181-A-38.wav,5.0,38.0,clock_tick,True,212181.0,A
1800,5-212454-A-0.wav,5.0,0.0,dog,True,212454.0,A
1801,5-212730-A-17.wav,5.0,17.0,pouring_water,False,212730.0,A
1802,5-212734-A-17.wav,5.0,17.0,pouring_water,False,212734.0,A
1803,5-212736-A-17.wav,5.0,17.0,pouring_water,False,212736.0,A
1804,5-213077-A-11.wav,5.0,11.0,sea_waves,True,213077.0,A
1805,5-213293-A-23.wav,5.0,23.0,breathing,False,213293.0,A
1806,5-213802-A-12.wav,5.0,12.0,crackling_fire,True,213802.0,A
1807,5-213836-A-9.wav,5.0,9.0,crow,False,213836.0,A
1808,5-213836-B-9.wav,5.0,9.0,crow,False,213836.0,B
1809,5-213836-C-9.wav,5.0,9.0,crow,False,213836.0,C
1810,5-213836-D-9.wav,5.0,9.0,crow,False,213836.0,D
1811,5-213855-A-0.wav,5.0,0.0,dog,True,213855.0,A
1812,5-214362-A-17.wav,5.0,17.0,pouring_water,False,214362.0,A
1813,5-214759-A-5.wav,5.0,5.0,cat,False,214759.0,A
1814,5-214759-B-5.wav,5.0,5.0,cat,False,214759.0,B
1815,5-214869-A-9.wav,5.0,9.0,crow,False,214869.0,A
1816,5-215005-A-32.wav,5.0,32.0,keyboard_typing,False,215005.0,A
1817,5-215172-A-13.wav,5.0,13.0,crickets,False,215172.0,A
1818,5-215179-A-13.wav,5.0,13.0,crickets,False,215179.0,A
1819,5-215445-A-47.wav,5.0,47.0,airplane,False,215445.0,A
1820,5-215447-A-47.wav,5.0,47.0,airplane,False,215447.0,A
1821,5-215449-A-47.wav,5.0,47.0,airplane,False,215449.0,A
1822,5-215634-A-17.wav,5.0,17.0,pouring_water,False,215634.0,A
1823,5-215658-A-12.wav,5.0,12.0,crackling_fire,True,215658.0,A
1824,5-215658-B-12.wav,5.0,12.0,crackling_fire,True,215658.0,B
1825,5-216131-A-32.wav,5.0,32.0,keyboard_typing,False,216131.0,A
1826,5-216213-A-13.wav,5.0,13.0,crickets,False,216213.0,A
1827,5-216214-A-13.wav,5.0,13.0,crickets,False,216214.0,A
1828,5-216216-A-13.wav,5.0,13.0,crickets,False,216216.0,A
1829,5-216368-A-28.wav,5.0,28.0,snoring,False,216368.0,A
1830,5-216370-A-41.wav,5.0,41.0,chainsaw,True,216370.0,A
1831,5-216370-B-41.wav,5.0,41.0,chainsaw,True,216370.0,B
1832,5-217158-A-0.wav,5.0,0.0,dog,True,217158.0,A
1833,5-217186-A-16.wav,5.0,16.0,wind,False,217186.0,A
1834,5-217186-B-16.wav,5.0,16.0,wind,False,217186.0,B
1835,5-217186-C-16.wav,5.0,16.0,wind,False,217186.0,C
1836,5-218196-A-27.wav,5.0,27.0,brushing_teeth,False,218196.0,A
1837,5-218196-B-27.wav,5.0,27.0,brushing_teeth,False,218196.0,B
1838,5-218494-A-22.wav,5.0,22.0,clapping,False,218494.0,A
1839,5-218980-A-30.wav,5.0,30.0,door_wood_knock,False,218980.0,A
1840,5-218981-A-30.wav,5.0,30.0,door_wood_knock,False,218981.0,A
1841,5-219044-A-46.wav,5.0,46.0,church_bells,False,219044.0,A
1842,5-219242-A-37.wav,5.0,37.0,clock_alarm,False,219242.0,A
1843,5-219242-B-37.wav,5.0,37.0,clock_alarm,False,219242.0,B
1844,5-219318-A-31.wav,5.0,31.0,mouse_click,False,219318.0,A
1845,5-219342-A-38.wav,5.0,38.0,clock_tick,True,219342.0,A
1846,5-219379-A-11.wav,5.0,11.0,sea_waves,True,219379.0,A
1847,5-219379-B-11.wav,5.0,11.0,sea_waves,True,219379.0,B
1848,5-219379-C-11.wav,5.0,11.0,sea_waves,True,219379.0,C
1849,5-220026-A-21.wav,5.0,21.0,sneezing,True,220026.0,A
1850,5-220027-A-21.wav,5.0,21.0,sneezing,True,220027.0,A
1851,5-220939-A-27.wav,5.0,27.0,brushing_teeth,False,220939.0,A
1852,5-220955-A-40.wav,5.0,40.0,helicopter,True,220955.0,A
1853,5-221518-A-21.wav,5.0,21.0,sneezing,True,221518.0,A
1854,5-221528-A-39.wav,5.0,39.0,glass_breaking,False,221528.0,A
1855,5-221529-A-39.wav,5.0,39.0,glass_breaking,False,221529.0,A
1856,5-221567-A-22.wav,5.0,22.0,clapping,False,221567.0,A
1857,5-221568-A-22.wav,5.0,22.0,clapping,False,221568.0,A
1858,5-221593-A-21.wav,5.0,21.0,sneezing,True,221593.0,A
1859,5-221878-A-34.wav,5.0,34.0,can_opening,False,221878.0,A
1860,5-221950-A-22.wav,5.0,22.0,clapping,False,221950.0,A
1861,5-222041-A-9.wav,5.0,9.0,crow,False,222041.0,A
1862,5-222524-A-41.wav,5.0,41.0,chainsaw,True,222524.0,A
1863,5-222894-A-32.wav,5.0,32.0,keyboard_typing,False,222894.0,A
1864,5-223099-A-32.wav,5.0,32.0,keyboard_typing,False,223099.0,A
1865,5-223099-B-32.wav,5.0,32.0,keyboard_typing,False,223099.0,B
1866,5-223103-A-31.wav,5.0,31.0,mouse_click,False,223103.0,A
1867,5-223176-A-37.wav,5.0,37.0,clock_alarm,False,223176.0,A
1868,5-223317-A-31.wav,5.0,31.0,mouse_click,False,223317.0,A
1869,5-223810-A-35.wav,5.0,35.0,washing_machine,False,223810.0,A
1870,5-231551-A-36.wav,5.0,36.0,vacuum_cleaner,False,231551.0,A
1871,5-231762-A-0.wav,5.0,0.0,dog,True,231762.0,A
1872,5-232272-A-44.wav,5.0,44.0,engine,False,232272.0,A
1873,5-232802-A-31.wav,5.0,31.0,mouse_click,False,232802.0,A
1874,5-232816-A-23.wav,5.0,23.0,breathing,False,232816.0,A
1875,5-233019-A-31.wav,5.0,31.0,mouse_click,False,233019.0,A
1876,5-233160-A-1.wav,5.0,1.0,rooster,True,233160.0,A
1877,5-233260-A-23.wav,5.0,23.0,breathing,False,233260.0,A
1878,5-233312-A-28.wav,5.0,28.0,snoring,False,233312.0,A
1879,5-233605-A-39.wav,5.0,39.0,glass_breaking,False,233605.0,A
1880,5-233607-A-39.wav,5.0,39.0,glass_breaking,False,233607.0,A
1881,5-233645-A-37.wav,5.0,37.0,clock_alarm,False,233645.0,A
1882,5-233787-A-7.wav,5.0,7.0,insects,False,233787.0,A
1883,5-234145-A-28.wav,5.0,28.0,snoring,False,234145.0,A
1884,5-234247-A-37.wav,5.0,37.0,clock_alarm,False,234247.0,A
1885,5-234263-A-25.wav,5.0,25.0,footsteps,False,234263.0,A
1886,5-234335-A-23.wav,5.0,23.0,breathing,False,234335.0,A
1887,5-234855-A-25.wav,5.0,25.0,footsteps,False,234855.0,A
1888,5-234879-A-1.wav,5.0,1.0,rooster,True,234879.0,A
1889,5-234879-B-1.wav,5.0,1.0,rooster,True,234879.0,B
1890,5-234923-A-32.wav,5.0,32.0,keyboard_typing,False,234923.0,A
1891,5-235507-A-44.wav,5.0,44.0,engine,False,235507.0,A
1892,5-235593-A-23.wav,5.0,23.0,breathing,False,235593.0,A
1893,5-235644-A-30.wav,5.0,30.0,door_wood_knock,False,235644.0,A
1894,5-235671-A-38.wav,5.0,38.0,clock_tick,True,235671.0,A
1895,5-235874-A-28.wav,5.0,28.0,snoring,False,235874.0,A
1896,5-235893-A-28.wav,5.0,28.0,snoring,False,235893.0,A
1897,5-235956-A-47.wav,5.0,47.0,airplane,False,235956.0,A
1898,5-236288-A-28.wav,5.0,28.0,snoring,False,236288.0,A
1899,5-236299-A-34.wav,5.0,34.0,can_opening,False,236299.0,A
1900,5-237315-A-31.wav,5.0,31.0,mouse_click,False,237315.0,A
1901,5-237499-A-4.wav,5.0,4.0,frog,False,237499.0,A
1902,5-237795-A-34.wav,5.0,34.0,can_opening,False,237795.0,A
1903,5-238021-A-35.wav,5.0,35.0,washing_machine,False,238021.0,A
1904,5-238492-A-23.wav,5.0,23.0,breathing,False,238492.0,A
1905,5-238926-A-31.wav,5.0,31.0,mouse_click,False,238926.0,A
1906,5-238938-A-27.wav,5.0,27.0,brushing_teeth,False,238938.0,A
1907,5-240671-A-44.wav,5.0,44.0,engine,False,240671.0,A
1908,5-241846-A-15.wav,5.0,15.0,water_drops,False,241846.0,A
1909,5-242490-A-14.wav,5.0,14.0,chirping_birds,False,242490.0,A
1910,5-242491-A-14.wav,5.0,14.0,chirping_birds,False,242491.0,A
1911,5-242492-A-3.wav,5.0,3.0,cow,False,242492.0,A
1912,5-242711-A-9.wav,5.0,9.0,crow,False,242711.0,A
1913,5-242932-A-26.wav,5.0,26.0,laughing,False,242932.0,A
1914,5-242932-B-26.wav,5.0,26.0,laughing,False,242932.0,B
1915,5-243025-A-25.wav,5.0,25.0,footsteps,False,243025.0,A
1916,5-243036-A-29.wav,5.0,29.0,drinking_sipping,False,243036.0,A
1917,5-243448-A-14.wav,5.0,14.0,chirping_birds,False,243448.0,A
1918,5-243449-A-14.wav,5.0,14.0,chirping_birds,False,243449.0,A
1919,5-243450-A-14.wav,5.0,14.0,chirping_birds,False,243450.0,A
1920,5-243459-A-14.wav,5.0,14.0,chirping_birds,False,243459.0,A
1921,5-243459-B-14.wav,5.0,14.0,chirping_birds,False,243459.0,B
1922,5-243635-A-29.wav,5.0,29.0,drinking_sipping,False,243635.0,A
1923,5-243773-A-44.wav,5.0,44.0,engine,False,243773.0,A
1924,5-243773-B-44.wav,5.0,44.0,engine,False,243773.0,B
1925,5-243783-A-44.wav,5.0,44.0,engine,False,243783.0,A
1926,5-244178-A-32.wav,5.0,32.0,keyboard_typing,False,244178.0,A
1927,5-244310-A-25.wav,5.0,25.0,footsteps,False,244310.0,A
1928,5-244315-A-6.wav,5.0,6.0,hen,False,244315.0,A
1929,5-244315-B-6.wav,5.0,6.0,hen,False,244315.0,B
1930,5-244315-C-6.wav,5.0,6.0,hen,False,244315.0,C
1931,5-244327-A-34.wav,5.0,34.0,can_opening,False,244327.0,A
1932,5-244459-A-28.wav,5.0,28.0,snoring,False,244459.0,A
1933,5-244526-A-26.wav,5.0,26.0,laughing,False,244526.0,A
1934,5-244651-A-31.wav,5.0,31.0,mouse_click,False,244651.0,A
1935,5-244933-A-34.wav,5.0,34.0,can_opening,False,244933.0,A
1936,5-245040-A-35.wav,5.0,35.0,washing_machine,False,245040.0,A
1937,5-248341-A-6.wav,5.0,6.0,hen,False,248341.0,A
1938,5-248341-B-6.wav,5.0,6.0,hen,False,248341.0,B
1939,5-248341-C-6.wav,5.0,6.0,hen,False,248341.0,C
1940,5-249748-A-28.wav,5.0,28.0,snoring,False,249748.0,A
1941,5-249937-A-22.wav,5.0,22.0,clapping,False,249937.0,A
1942,5-250026-A-30.wav,5.0,30.0,door_wood_knock,False,250026.0,A
1943,5-250026-B-30.wav,5.0,30.0,door_wood_knock,False,250026.0,B
1944,5-250258-A-49.wav,5.0,49.0,hand_saw,False,250258.0,A
1945,5-250629-A-37.wav,5.0,37.0,clock_alarm,False,250629.0,A
1946,5-250753-A-34.wav,5.0,34.0,can_opening,False,250753.0,A
1947,5-251426-A-30.wav,5.0,30.0,door_wood_knock,False,251426.0,A
1948,5-251426-B-30.wav,5.0,30.0,door_wood_knock,False,251426.0,B
1949,5-251489-A-24.wav,5.0,24.0,coughing,False,251489.0,A
1950,5-251957-A-47.wav,5.0,47.0,airplane,False,251957.0,A
1951,5-251962-A-47.wav,5.0,47.0,airplane,False,251962.0,A
1952,5-251963-A-47.wav,5.0,47.0,airplane,False,251963.0,A
1953,5-251971-A-47.wav,5.0,47.0,airplane,False,251971.0,A
1954,5-252248-A-34.wav,5.0,34.0,can_opening,False,252248.0,A
1955,5-253085-A-3.wav,5.0,3.0,cow,False,253085.0,A
1956,5-253085-B-3.wav,5.0,3.0,cow,False,253085.0,B
1957,5-253094-A-49.wav,5.0,49.0,hand_saw,False,253094.0,A
1958,5-253094-B-49.wav,5.0,49.0,hand_saw,False,253094.0,B
1959,5-253094-C-49.wav,5.0,49.0,hand_saw,False,253094.0,C
1960,5-253094-D-49.wav,5.0,49.0,hand_saw,False,253094.0,D
1961,5-253101-A-49.wav,5.0,49.0,hand_saw,False,253101.0,A
1962,5-253101-B-49.wav,5.0,49.0,hand_saw,False,253101.0,B
1963,5-253101-C-49.wav,5.0,49.0,hand_saw,False,253101.0,C
1964,5-253534-A-26.wav,5.0,26.0,laughing,False,253534.0,A
1965,5-254160-A-22.wav,5.0,22.0,clapping,False,254160.0,A
1966,5-254832-A-15.wav,5.0,15.0,water_drops,False,254832.0,A
1967,5-254832-B-15.wav,5.0,15.0,water_drops,False,254832.0,B
1968,5-256452-A-5.wav,5.0,5.0,cat,False,256452.0,A
1969,5-256512-A-30.wav,5.0,30.0,door_wood_knock,False,256512.0,A
1970,5-257349-A-15.wav,5.0,15.0,water_drops,False,257349.0,A
1971,5-257642-A-39.wav,5.0,39.0,glass_breaking,False,257642.0,A
1972,5-257839-A-14.wav,5.0,14.0,chirping_birds,False,257839.0,A
1973,5-259169-A-5.wav,5.0,5.0,cat,False,259169.0,A
1974,5-259180-A-15.wav,5.0,15.0,water_drops,False,259180.0,A
1975,5-259514-A-26.wav,5.0,26.0,laughing,False,259514.0,A
1976,5-259640-A-29.wav,5.0,29.0,drinking_sipping,False,259640.0,A
1977,5-260011-A-34.wav,5.0,34.0,can_opening,False,260011.0,A
1978,5-260164-A-23.wav,5.0,23.0,breathing,False,260164.0,A
1979,5-260432-A-39.wav,5.0,39.0,glass_breaking,False,260432.0,A
1980,5-260433-A-39.wav,5.0,39.0,glass_breaking,False,260433.0,A
1981,5-260434-A-39.wav,5.0,39.0,glass_breaking,False,260434.0,A
1982,5-260875-A-35.wav,5.0,35.0,washing_machine,False,260875.0,A
1983,5-261325-A-9.wav,5.0,9.0,crow,False,261325.0,A
1984,5-261433-A-15.wav,5.0,15.0,water_drops,False,261433.0,A
1985,5-261439-A-15.wav,5.0,15.0,water_drops,False,261439.0,A
1986,5-261464-A-23.wav,5.0,23.0,breathing,False,261464.0,A
1987,5-262641-A-15.wav,5.0,15.0,water_drops,False,262641.0,A
1988,5-262957-A-22.wav,5.0,22.0,clapping,False,262957.0,A
1989,5-263490-A-25.wav,5.0,25.0,footsteps,False,263490.0,A
1990,5-263491-A-25.wav,5.0,25.0,footsteps,False,263491.0,A
1991,5-263501-A-25.wav,5.0,25.0,footsteps,False,263501.0,A
1992,5-263775-A-26.wav,5.0,26.0,laughing,False,263775.0,A
1993,5-263775-B-26.wav,5.0,26.0,laughing,False,263775.0,B
1994,5-263831-A-6.wav,5.0,6.0,hen,False,263831.0,A
1995,5-263831-B-6.wav,5.0,6.0,hen,False,263831.0,B
1996,5-263902-A-36.wav,5.0,36.0,vacuum_cleaner,False,263902.0,A
1997,5-51149-A-25.wav,5.0,25.0,footsteps,False,51149.0,A
1998,5-61635-A-8.wav,5.0,8.0,sheep,False,61635.0,A
1999,5-9032-A-0.wav,5.0,0.0,dog,True,9032.0,A
